20,20,70.1
20,21,69.6
20,22,69.1
20,23,68.7
20,24,68.3
20,25,67.9
20,26,67.5
20,27,67.2
20,28,66.9
20,29,66.6
20,30,
20,31,
20,32,
20,33,
20,34,
20,35,
20,36,
20,37,
20,38,
20,39,
20,40,
20,41,
20,42,
20,43,
20,44,
20,45,
20,46,
20,47,
20,48,
20,49,
20,50,
20,51,
20,52,
20,53,
20,54,
20,55,
20,56,
20,57,
20,58,
20,59,
20,60,
20,61,
20,62,
20,63,
20,64,
20,65,
20,66,
20,67,
20,68,
20,69,
20,70,
20,71,
20,72,
20,73,
20,74,
20,75,
20,76,
20,77,
20,78,
20,79,
20,80,
20,81,
20,82,
20,83,
20,84,
20,85,
20,86,
20,87,
20,88,
20,89,
20,90,
20,91,
20,92,
20,93,
20,94,
20,95,
20,96,
20,97,
20,98,
20,99,
20,100,
20,101,
20,102,
20,103,
20,104,
20,105,
20,106,
20,107,
20,108,
20,109,
20,110,
20,111,
20,112,
20,113,
20,114,
20,115,
21,20,69.6
21,21,69.1
21,22,68.6
21,23,68.2
21,24,67.7
21,25,67.3
21,26,66.9
21,27,66.6
21,28,66.2
21,29,65.9
21,30,
21,31,
21,32,
21,33,
21,34,
21,35,
21,36,
21,37,
21,38,
21,39,
21,40,
21,41,
21,42,
21,43,
21,44,
21,45,
21,46,
21,47,
21,48,
21,49,
21,50,
21,51,
21,52,
21,53,
21,54,
21,55,
21,56,
21,57,
21,58,
21,59,
21,60,
21,61,
21,62,
21,63,
21,64,
21,65,
21,66,
21,67,
21,68,
21,69,
21,70,
21,71,
21,72,
21,73,
21,74,
21,75,
21,76,
21,77,
21,78,
21,79,
21,80,
21,81,
21,82,
21,83,
21,84,
21,85,
21,86,
21,87,
21,88,
21,89,
21,90,
21,91,
21,92,
21,93,
21,94,
21,95,
21,96,
21,97,
21,98,
21,99,
21,100,
21,101,
21,102,
21,103,
21,104,
21,105,
21,106,
21,107,
21,108,
21,109,
21,110,
21,111,
21,112,
21,113,
21,114,
21,115,
22,20,69.1
22,21,68.6
22,22,68.1
22,23,67.6
22,24,67.2
22,25,66.7
22,26,66.3
22,27,65.9
22,28,65.6
22,29,65.2
22,30,
22,31,
22,32,
22,33,
22,34,
22,35,
22,36,
22,37,
22,38,
22,39,
22,40,
22,41,
22,42,
22,43,
22,44,
22,45,
22,46,
22,47,
22,48,
22,49,
22,50,
22,51,
22,52,
22,53,
22,54,
22,55,
22,56,
22,57,
22,58,
22,59,
22,60,
22,61,
22,62,
22,63,
22,64,
22,65,
22,66,
22,67,
22,68,
22,69,
22,70,
22,71,
22,72,
22,73,
22,74,
22,75,
22,76,
22,77,
22,78,
22,79,
22,80,
22,81,
22,82,
22,83,
22,84,
22,85,
22,86,
22,87,
22,88,
22,89,
22,90,
22,91,
22,92,
22,93,
22,94,
22,95,
22,96,
22,97,
22,98,
22,99,
22,100,
22,101,
22,102,
22,103,
22,104,
22,105,
22,106,
22,107,
22,108,
22,109,
22,110,
22,111,
22,112,
22,113,
22,114,
22,115,
23,20,68.7
23,21,68.2
23,22,67.6
23,23,67.1
23,24,66.6
23,25,66.2
23,26,65.7
23,27,65.3
23,28,64.9
23,29,64.6
23,30,
23,31,
23,32,
23,33,
23,34,
23,35,
23,36,
23,37,
23,38,
23,39,
23,40,
23,41,
23,42,
23,43,
23,44,
23,45,
23,46,
23,47,
23,48,
23,49,
23,50,
23,51,
23,52,
23,53,
23,54,
23,55,
23,56,
23,57,
23,58,
23,59,
23,60,
23,61,
23,62,
23,63,
23,64,
23,65,
23,66,
23,67,
23,68,
23,69,
23,70,
23,71,
23,72,
23,73,
23,74,
23,75,
23,76,
23,77,
23,78,
23,79,
23,80,
23,81,
23,82,
23,83,
23,84,
23,85,
23,86,
23,87,
23,88,
23,89,
23,90,
23,91,
23,92,
23,93,
23,94,
23,95,
23,96,
23,97,
23,98,
23,99,
23,100,
23,101,
23,102,
23,103,
23,104,
23,105,
23,106,
23,107,
23,108,
23,109,
23,110,
23,111,
23,112,
23,113,
23,114,
23,115,
24,20,68.3
24,21,67.7
24,22,67.2
24,23,66.6
24,24,66.1
24,25,65.6
24,26,65.2
24,27,64.7
24,28,64.3
24,29,63.9
24,30,
24,31,
24,32,
24,33,
24,34,
24,35,
24,36,
24,37,
24,38,
24,39,
24,40,
24,41,
24,42,
24,43,
24,44,
24,45,
24,46,
24,47,
24,48,
24,49,
24,50,
24,51,
24,52,
24,53,
24,54,
24,55,
24,56,
24,57,
24,58,
24,59,
24,60,
24,61,
24,62,
24,63,
24,64,
24,65,
24,66,
24,67,
24,68,
24,69,
24,70,
24,71,
24,72,
24,73,
24,74,
24,75,
24,76,
24,77,
24,78,
24,79,
24,80,
24,81,
24,82,
24,83,
24,84,
24,85,
24,86,
24,87,
24,88,
24,89,
24,90,
24,91,
24,92,
24,93,
24,94,
24,95,
24,96,
24,97,
24,98,
24,99,
24,100,
24,101,
24,102,
24,103,
24,104,
24,105,
24,106,
24,107,
24,108,
24,109,
24,110,
24,111,
24,112,
24,113,
24,114,
24,115,
25,20,67.9
25,21,67.3
25,22,66.7
25,23,66.2
25,24,65.6
25,25,65.1
25,26,64.6
25,27,64.2
25,28,63.7
25,29,63.3
25,30,
25,31,
25,32,
25,33,
25,34,
25,35,
25,36,
25,37,
25,38,
25,39,
25,40,
25,41,
25,42,
25,43,
25,44,
25,45,
25,46,
25,47,
25,48,
25,49,
25,50,
25,51,
25,52,
25,53,
25,54,
25,55,
25,56,
25,57,
25,58,
25,59,
25,60,
25,61,
25,62,
25,63,
25,64,
25,65,
25,66,
25,67,
25,68,
25,69,
25,70,
25,71,
25,72,
25,73,
25,74,
25,75,
25,76,
25,77,
25,78,
25,79,
25,80,
25,81,
25,82,
25,83,
25,84,
25,85,
25,86,
25,87,
25,88,
25,89,
25,90,
25,91,
25,92,
25,93,
25,94,
25,95,
25,96,
25,97,
25,98,
25,99,
25,100,
25,101,
25,102,
25,103,
25,104,
25,105,
25,106,
25,107,
25,108,
25,109,
25,110,
25,111,
25,112,
25,113,
25,114,
25,115,
26,20,67.5
26,21,66.9
26,22,66.3
26,23,65.7
26,24,65.2
26,25,64.6
26,26,64.1
26,27,63.6
26,28,63.2
26,29,62.8
26,30,
26,31,
26,32,
26,33,
26,34,
26,35,
26,36,
26,37,
26,38,
26,39,
26,40,
26,41,
26,42,
26,43,
26,44,
26,45,
26,46,
26,47,
26,48,
26,49,
26,50,
26,51,
26,52,
26,53,
26,54,
26,55,
26,56,
26,57,
26,58,
26,59,
26,60,
26,61,
26,62,
26,63,
26,64,
26,65,
26,66,
26,67,
26,68,
26,69,
26,70,
26,71,
26,72,
26,73,
26,74,
26,75,
26,76,
26,77,
26,78,
26,79,
26,80,
26,81,
26,82,
26,83,
26,84,
26,85,
26,86,
26,87,
26,88,
26,89,
26,90,
26,91,
26,92,
26,93,
26,94,
26,95,
26,96,
26,97,
26,98,
26,99,
26,100,
26,101,
26,102,
26,103,
26,104,
26,105,
26,106,
26,107,
26,108,
26,109,
26,110,
26,111,
26,112,
26,113,
26,114,
26,115,
27,20,67.2
27,21,66.6
27,22,65.9
27,23,65.3
27,24,64.7
27,25,64.2
27,26,63.6
27,27,63.1
27,28,62.7
27,29,62.2
27,30,
27,31,
27,32,
27,33,
27,34,
27,35,
27,36,
27,37,
27,38,
27,39,
27,40,
27,41,
27,42,
27,43,
27,44,
27,45,
27,46,
27,47,
27,48,
27,49,
27,50,
27,51,
27,52,
27,53,
27,54,
27,55,
27,56,
27,57,
27,58,
27,59,
27,60,
27,61,
27,62,
27,63,
27,64,
27,65,
27,66,
27,67,
27,68,
27,69,
27,70,
27,71,
27,72,
27,73,
27,74,
27,75,
27,76,
27,77,
27,78,
27,79,
27,80,
27,81,
27,82,
27,83,
27,84,
27,85,
27,86,
27,87,
27,88,
27,89,
27,90,
27,91,
27,92,
27,93,
27,94,
27,95,
27,96,
27,97,
27,98,
27,99,
27,100,
27,101,
27,102,
27,103,
27,104,
27,105,
27,106,
27,107,
27,108,
27,109,
27,110,
27,111,
27,112,
27,113,
27,114,
27,115,
28,20,66.9
28,21,66.2
28,22,65.6
28,23,64.9
28,24,64.3
28,25,63.7
28,26,63.2
28,27,62.7
28,28,62.1
28,29,61.7
28,30,
28,31,
28,32,
28,33,
28,34,
28,35,
28,36,
28,37,
28,38,
28,39,
28,40,
28,41,
28,42,
28,43,
28,44,
28,45,
28,46,
28,47,
28,48,
28,49,
28,50,
28,51,
28,52,
28,53,
28,54,
28,55,
28,56,
28,57,
28,58,
28,59,
28,60,
28,61,
28,62,
28,63,
28,64,
28,65,
28,66,
28,67,
28,68,
28,69,
28,70,
28,71,
28,72,
28,73,
28,74,
28,75,
28,76,
28,77,
28,78,
28,79,
28,80,
28,81,
28,82,
28,83,
28,84,
28,85,
28,86,
28,87,
28,88,
28,89,
28,90,
28,91,
28,92,
28,93,
28,94,
28,95,
28,96,
28,97,
28,98,
28,99,
28,100,
28,101,
28,102,
28,103,
28,104,
28,105,
28,106,
28,107,
28,108,
28,109,
28,110,
28,111,
28,112,
28,113,
28,114,
28,115,
29,20,66.6
29,21,65.9
29,22,65.2
29,23,64.6
29,24,63.9
29,25,63.3
29,26,62.8
29,27,62.2
29,28,61.7
29,29,61.2
29,30,
29,31,
29,32,
29,33,
29,34,
29,35,
29,36,
29,37,
29,38,
29,39,
29,40,
29,41,
29,42,
29,43,
29,44,
29,45,
29,46,
29,47,
29,48,
29,49,
29,50,
29,51,
29,52,
29,53,
29,54,
29,55,
29,56,
29,57,
29,58,
29,59,
29,60,
29,61,
29,62,
29,63,
29,64,
29,65,
29,66,
29,67,
29,68,
29,69,
29,70,
29,71,
29,72,
29,73,
29,74,
29,75,
29,76,
29,77,
29,78,
29,79,
29,80,
29,81,
29,82,
29,83,
29,84,
29,85,
29,86,
29,87,
29,88,
29,89,
29,90,
29,91,
29,92,
29,93,
29,94,
29,95,
29,96,
29,97,
29,98,
29,99,
29,100,
29,101,
29,102,
29,103,
29,104,
29,105,
29,106,
29,107,
29,108,
29,109,
29,110,
29,111,
29,112,
29,113,
29,114,
29,115,
30,20,66.3
30,21,65.6
30,22,64.9
30,23,64.2
30,24,63.6
30,25,62.9
30,26,62.3
30,27,61.8
30,28,61.2
30,29,60.7
30,30,60.2
30,31,59.7
30,32,59.2
30,33,58.8
30,34,58.4
30,35,58
30,36,57.6
30,37,57.3
30,38,57
30,39,56.7
30,40,
30,41,
30,42,
30,43,
30,44,
30,45,
30,46,
30,47,
30,48,
30,49,
30,50,
30,51,
30,52,
30,53,
30,54,
30,55,
30,56,
30,57,
30,58,
30,59,
30,60,
30,61,
30,62,
30,63,
30,64,
30,65,
30,66,
30,67,
30,68,
30,69,
30,70,
30,71,
30,72,
30,73,
30,74,
30,75,
30,76,
30,77,
30,78,
30,79,
30,80,
30,81,
30,82,
30,83,
30,84,
30,85,
30,86,
30,87,
30,88,
30,89,
30,90,
30,91,
30,92,
30,93,
30,94,
30,95,
30,96,
30,97,
30,98,
30,99,
30,100,
30,101,
30,102,
30,103,
30,104,
30,105,
30,106,
30,107,
30,108,
30,109,
30,110,
30,111,
30,112,
30,113,
30,114,
30,115,
31,20,66.1
31,21,65.3
31,22,64.6
31,23,63.9
31,24,63.2
31,25,62.6
31,26,62
31,27,61.4
31,28,60.8
31,29,60.2
31,30,59.7
31,31,59.2
31,32,58.7
31,33,58.2
31,34,57.8
31,35,57.4
31,36,57
31,37,56.6
31,38,56.3
31,39,56
31,40,
31,41,
31,42,
31,43,
31,44,
31,45,
31,46,
31,47,
31,48,
31,49,
31,50,
31,51,
31,52,
31,53,
31,54,
31,55,
31,56,
31,57,
31,58,
31,59,
31,60,
31,61,
31,62,
31,63,
31,64,
31,65,
31,66,
31,67,
31,68,
31,69,
31,70,
31,71,
31,72,
31,73,
31,74,
31,75,
31,76,
31,77,
31,78,
31,79,
31,80,
31,81,
31,82,
31,83,
31,84,
31,85,
31,86,
31,87,
31,88,
31,89,
31,90,
31,91,
31,92,
31,93,
31,94,
31,95,
31,96,
31,97,
31,98,
31,99,
31,100,
31,101,
31,102,
31,103,
31,104,
31,105,
31,106,
31,107,
31,108,
31,109,
31,110,
31,111,
31,112,
31,113,
31,114,
31,115,
32,20,65.8
32,21,65.1
32,22,64.3
32,23,63.6
32,24,62.9
32,25,62.2
32,26,61.6
32,27,61
32,28,60.4
32,29,59.8
32,30,59.2
32,31,58.7
32,32,58.2
32,33,57.7
32,34,57.2
32,35,56.8
32,36,56.4
32,37,56
32,38,55.6
32,39,55.3
32,40,
32,41,
32,42,
32,43,
32,44,
32,45,
32,46,
32,47,
32,48,
32,49,
32,50,
32,51,
32,52,
32,53,
32,54,
32,55,
32,56,
32,57,
32,58,
32,59,
32,60,
32,61,
32,62,
32,63,
32,64,
32,65,
32,66,
32,67,
32,68,
32,69,
32,70,
32,71,
32,72,
32,73,
32,74,
32,75,
32,76,
32,77,
32,78,
32,79,
32,80,
32,81,
32,82,
32,83,
32,84,
32,85,
32,86,
32,87,
32,88,
32,89,
32,90,
32,91,
32,92,
32,93,
32,94,
32,95,
32,96,
32,97,
32,98,
32,99,
32,100,
32,101,
32,102,
32,103,
32,104,
32,105,
32,106,
32,107,
32,108,
32,109,
32,110,
32,111,
32,112,
32,113,
32,114,
32,115,
33,20,65.6
33,21,64.8
33,22,64.1
33,23,63.3
33,24,62.6
33,25,61.9
33,26,61.3
33,27,60.6
33,28,60
33,29,59.4
33,30,58.8
33,31,58.2
33,32,57.7
33,33,57.2
33,34,56.7
33,35,56.2
33,36,55.8
33,37,55.4
33,38,55
33,39,54.7
33,40,
33,41,
33,42,
33,43,
33,44,
33,45,
33,46,
33,47,
33,48,
33,49,
33,50,
33,51,
33,52,
33,53,
33,54,
33,55,
33,56,
33,57,
33,58,
33,59,
33,60,
33,61,
33,62,
33,63,
33,64,
33,65,
33,66,
33,67,
33,68,
33,69,
33,70,
33,71,
33,72,
33,73,
33,74,
33,75,
33,76,
33,77,
33,78,
33,79,
33,80,
33,81,
33,82,
33,83,
33,84,
33,85,
33,86,
33,87,
33,88,
33,89,
33,90,
33,91,
33,92,
33,93,
33,94,
33,95,
33,96,
33,97,
33,98,
33,99,
33,100,
33,101,
33,102,
33,103,
33,104,
33,105,
33,106,
33,107,
33,108,
33,109,
33,110,
33,111,
33,112,
33,113,
33,114,
33,115,
34,20,65.4
34,21,64.6
34,22,63.8
34,23,63.1
34,24,62.3
34,25,61.6
34,26,60.9
34,27,60.3
34,28,59.6
34,29,59
34,30,58.4
34,31,57.8
34,32,57.2
34,33,56.7
34,34,56.2
34,35,55.7
34,36,55.3
34,37,54.8
34,38,54.4
34,39,54
34,40,
34,41,
34,42,
34,43,
34,44,
34,45,
34,46,
34,47,
34,48,
34,49,
34,50,
34,51,
34,52,
34,53,
34,54,
34,55,
34,56,
34,57,
34,58,
34,59,
34,60,
34,61,
34,62,
34,63,
34,64,
34,65,
34,66,
34,67,
34,68,
34,69,
34,70,
34,71,
34,72,
34,73,
34,74,
34,75,
34,76,
34,77,
34,78,
34,79,
34,80,
34,81,
34,82,
34,83,
34,84,
34,85,
34,86,
34,87,
34,88,
34,89,
34,90,
34,91,
34,92,
34,93,
34,94,
34,95,
34,96,
34,97,
34,98,
34,99,
34,100,
34,101,
34,102,
34,103,
34,104,
34,105,
34,106,
34,107,
34,108,
34,109,
34,110,
34,111,
34,112,
34,113,
34,114,
34,115,
35,20,65.2
35,21,64.4
35,22,63.6
35,23,62.8
35,24,62.1
35,25,61.4
35,26,60.6
35,27,59.9
35,28,59.3
35,29,58.6
35,30,58
35,31,57.4
35,32,56.8
35,33,56.2
35,34,55.7
35,35,55.2
35,36,54.7
35,37,54.3
35,38,53.8
35,39,53.4
35,40,
35,41,
35,42,
35,43,
35,44,
35,45,
35,46,
35,47,
35,48,
35,49,
35,50,
35,51,
35,52,
35,53,
35,54,
35,55,
35,56,
35,57,
35,58,
35,59,
35,60,
35,61,
35,62,
35,63,
35,64,
35,65,
35,66,
35,67,
35,68,
35,69,
35,70,
35,71,
35,72,
35,73,
35,74,
35,75,
35,76,
35,77,
35,78,
35,79,
35,80,
35,81,
35,82,
35,83,
35,84,
35,85,
35,86,
35,87,
35,88,
35,89,
35,90,
35,91,
35,92,
35,93,
35,94,
35,95,
35,96,
35,97,
35,98,
35,99,
35,100,
35,101,
35,102,
35,103,
35,104,
35,105,
35,106,
35,107,
35,108,
35,109,
35,110,
35,111,
35,112,
35,113,
35,114,
35,115,
36,20,65
36,21,64.2
36,22,63.4
36,23,62.6
36,24,61.9
36,25,61.1
36,26,60.4
36,27,59.6
36,28,59
36,29,58.3
36,30,57.6
36,31,57
36,32,56.4
36,33,55.8
36,34,55.3
36,35,54.7
36,36,54.2
36,37,53.7
36,38,53.3
36,39,52.8
36,40,
36,41,
36,42,
36,43,
36,44,
36,45,
36,46,
36,47,
36,48,
36,49,
36,50,
36,51,
36,52,
36,53,
36,54,
36,55,
36,56,
36,57,
36,58,
36,59,
36,60,
36,61,
36,62,
36,63,
36,64,
36,65,
36,66,
36,67,
36,68,
36,69,
36,70,
36,71,
36,72,
36,73,
36,74,
36,75,
36,76,
36,77,
36,78,
36,79,
36,80,
36,81,
36,82,
36,83,
36,84,
36,85,
36,86,
36,87,
36,88,
36,89,
36,90,
36,91,
36,92,
36,93,
36,94,
36,95,
36,96,
36,97,
36,98,
36,99,
36,100,
36,101,
36,102,
36,103,
36,104,
36,105,
36,106,
36,107,
36,108,
36,109,
36,110,
36,111,
36,112,
36,113,
36,114,
36,115,
37,20,64.9
37,21,64
37,22,63.2
37,23,62.4
37,24,61.6
37,25,60.9
37,26,60.1
37,27,59.4
37,28,58.7
37,29,58
37,30,57.3
37,31,56.6
37,32,56
37,33,55.4
37,34,54.8
37,35,54.3
37,36,53.7
37,37,53.2
37,38,52.7
37,39,52.3
37,40,
37,41,
37,42,
37,43,
37,44,
37,45,
37,46,
37,47,
37,48,
37,49,
37,50,
37,51,
37,52,
37,53,
37,54,
37,55,
37,56,
37,57,
37,58,
37,59,
37,60,
37,61,
37,62,
37,63,
37,64,
37,65,
37,66,
37,67,
37,68,
37,69,
37,70,
37,71,
37,72,
37,73,
37,74,
37,75,
37,76,
37,77,
37,78,
37,79,
37,80,
37,81,
37,82,
37,83,
37,84,
37,85,
37,86,
37,87,
37,88,
37,89,
37,90,
37,91,
37,92,
37,93,
37,94,
37,95,
37,96,
37,97,
37,98,
37,99,
37,100,
37,101,
37,102,
37,103,
37,104,
37,105,
37,106,
37,107,
37,108,
37,109,
37,110,
37,111,
37,112,
37,113,
37,114,
37,115,
38,20,64.7
38,21,63.9
38,22,63
38,23,62.2
38,24,61.4
38,25,60.6
38,26,59.9
38,27,59.1
38,28,58.4
38,29,57.7
38,30,57
38,31,56.3
38,32,55.6
38,33,55
38,34,54.4
38,35,53.8
38,36,53.3
38,37,52.7
38,38,52.2
38,39,51.7
38,40,
38,41,
38,42,
38,43,
38,44,
38,45,
38,46,
38,47,
38,48,
38,49,
38,50,
38,51,
38,52,
38,53,
38,54,
38,55,
38,56,
38,57,
38,58,
38,59,
38,60,
38,61,
38,62,
38,63,
38,64,
38,65,
38,66,
38,67,
38,68,
38,69,
38,70,
38,71,
38,72,
38,73,
38,74,
38,75,
38,76,
38,77,
38,78,
38,79,
38,80,
38,81,
38,82,
38,83,
38,84,
38,85,
38,86,
38,87,
38,88,
38,89,
38,90,
38,91,
38,92,
38,93,
38,94,
38,95,
38,96,
38,97,
38,98,
38,99,
38,100,
38,101,
38,102,
38,103,
38,104,
38,105,
38,106,
38,107,
38,108,
38,109,
38,110,
38,111,
38,112,
38,113,
38,114,
38,115,
39,20,64.6
39,21,63.7
39,22,62.9
39,23,62.1
39,24,61.2
39,25,60.4
39,26,59.6
39,27,58.9
39,28,58.1
39,29,57.4
39,30,56.7
39,31,56
39,32,55.3
39,33,54.7
39,34,54
39,35,53.4
39,36,52.8
39,37,52.3
39,38,51.7
39,39,51.2
39,40,
39,41,
39,42,
39,43,
39,44,
39,45,
39,46,
39,47,
39,48,
39,49,
39,50,
39,51,
39,52,
39,53,
39,54,
39,55,
39,56,
39,57,
39,58,
39,59,
39,60,
39,61,
39,62,
39,63,
39,64,
39,65,
39,66,
39,67,
39,68,
39,69,
39,70,
39,71,
39,72,
39,73,
39,74,
39,75,
39,76,
39,77,
39,78,
39,79,
39,80,
39,81,
39,82,
39,83,
39,84,
39,85,
39,86,
39,87,
39,88,
39,89,
39,90,
39,91,
39,92,
39,93,
39,94,
39,95,
39,96,
39,97,
39,98,
39,99,
39,100,
39,101,
39,102,
39,103,
39,104,
39,105,
39,106,
39,107,
39,108,
39,109,
39,110,
39,111,
39,112,
39,113,
39,114,
39,115,
40,20,64.4
40,21,63.6
40,22,62.7
40,23,61.9
40,24,61.1
40,25,60.2
40,26,59.4
40,27,58.7
40,28,57.9
40,29,57.1
40,30,56.4
40,31,55.7
40,32,55
40,33,54.3
40,34,53.7
40,35,53
40,36,52.4
40,37,51.8
40,38,51.3
40,39,50.8
40,40,50.2
40,41,49.8
40,42,49.3
40,43,48.9
40,44,48.5
40,45,48.1
40,46,47.7
40,47,47.4
40,48,47.1
40,49,46.8
40,50,
40,51,
40,52,
40,53,
40,54,
40,55,
40,56,
40,57,
40,58,
40,59,
40,60,
40,61,
40,62,
40,63,
40,64,
40,65,
40,66,
40,67,
40,68,
40,69,
40,70,
40,71,
40,72,
40,73,
40,74,
40,75,
40,76,
40,77,
40,78,
40,79,
40,80,
40,81,
40,82,
40,83,
40,84,
40,85,
40,86,
40,87,
40,88,
40,89,
40,90,
40,91,
40,92,
40,93,
40,94,
40,95,
40,96,
40,97,
40,98,
40,99,
40,100,
40,101,
40,102,
40,103,
40,104,
40,105,
40,106,
40,107,
40,108,
40,109,
40,110,
40,111,
40,112,
40,113,
40,114,
40,115,
41,20,64.3
41,21,63.5
41,22,62.6
41,23,61.7
41,24,60.9
41,25,60.1
41,26,59.3
41,27,58.5
41,28,57.7
41,29,56.9
41,30,56.1
41,31,55.4
41,32,54.7
41,33,54
41,34,53.3
41,35,52.7
41,36,52
41,37,51.4
41,38,50.9
41,39,50.3
41,40,49.8
41,41,49.3
41,42,48.8
41,43,48.3
41,44,47.9
41,45,47.5
41,46,47.1
41,47,46.7
41,48,46.4
41,49,46.1
41,50,
41,51,
41,52,
41,53,
41,54,
41,55,
41,56,
41,57,
41,58,
41,59,
41,60,
41,61,
41,62,
41,63,
41,64,
41,65,
41,66,
41,67,
41,68,
41,69,
41,70,
41,71,
41,72,
41,73,
41,74,
41,75,
41,76,
41,77,
41,78,
41,79,
41,80,
41,81,
41,82,
41,83,
41,84,
41,85,
41,86,
41,87,
41,88,
41,89,
41,90,
41,91,
41,92,
41,93,
41,94,
41,95,
41,96,
41,97,
41,98,
41,99,
41,100,
41,101,
41,102,
41,103,
41,104,
41,105,
41,106,
41,107,
41,108,
41,109,
41,110,
41,111,
41,112,
41,113,
41,114,
41,115,
42,20,64.2
42,21,63.3
42,22,62.5
42,23,61.6
42,24,60.8
42,25,59.9
42,26,59.1
42,27,58.3
42,28,57.5
42,29,56.7
42,30,55.9
42,31,55.2
42,32,54.4
42,33,53.7
42,34,53
42,35,52.3
42,36,51.7
42,37,51.1
42,38,50.4
42,39,49.9
42,40,49.3
42,41,48.8
42,42,48.3
42,43,47.8
42,44,47.3
42,45,46.9
42,46,46.5
42,47,46.1
42,48,45.8
42,49,45.4
42,50,
42,51,
42,52,
42,53,
42,54,
42,55,
42,56,
42,57,
42,58,
42,59,
42,60,
42,61,
42,62,
42,63,
42,64,
42,65,
42,66,
42,67,
42,68,
42,69,
42,70,
42,71,
42,72,
42,73,
42,74,
42,75,
42,76,
42,77,
42,78,
42,79,
42,80,
42,81,
42,82,
42,83,
42,84,
42,85,
42,86,
42,87,
42,88,
42,89,
42,90,
42,91,
42,92,
42,93,
42,94,
42,95,
42,96,
42,97,
42,98,
42,99,
42,100,
42,101,
42,102,
42,103,
42,104,
42,105,
42,106,
42,107,
42,108,
42,109,
42,110,
42,111,
42,112,
42,113,
42,114,
42,115,
43,20,64.1
43,21,63.2
43,22,62.4
43,23,61.5
43,24,60.6
43,25,59.8
43,26,58.9
43,27,58.1
43,28,57.3
43,29,56.5
43,30,55.7
43,31,54.9
43,32,54.2
43,33,53.4
43,34,52.7
43,35,52
43,36,51.3
43,37,50.7
43,38,50.1
43,39,49.5
43,40,48.9
43,41,48.3
43,42,47.8
43,43,47.3
43,44,46.8
43,45,46.3
43,46,45.9
43,47,45.5
43,48,45.1
43,49,44.8
43,50,
43,51,
43,52,
43,53,
43,54,
43,55,
43,56,
43,57,
43,58,
43,59,
43,60,
43,61,
43,62,
43,63,
43,64,
43,65,
43,66,
43,67,
43,68,
43,69,
43,70,
43,71,
43,72,
43,73,
43,74,
43,75,
43,76,
43,77,
43,78,
43,79,
43,80,
43,81,
43,82,
43,83,
43,84,
43,85,
43,86,
43,87,
43,88,
43,89,
43,90,
43,91,
43,92,
43,93,
43,94,
43,95,
43,96,
43,97,
43,98,
43,99,
43,100,
43,101,
43,102,
43,103,
43,104,
43,105,
43,106,
43,107,
43,108,
43,109,
43,110,
43,111,
43,112,
43,113,
43,114,
43,115,
44,20,64
44,21,63.1
44,22,62.2
44,23,61.4
44,24,60.5
44,25,59.6
44,26,58.8
44,27,57.9
44,28,57.1
44,29,56.3
44,30,55.5
44,31,54.7
44,32,53.9
44,33,53.2
44,34,52.4
44,35,51.7
44,36,51
44,37,50.4
44,38,49.7
44,39,49.1
44,40,48.5
44,41,47.9
44,42,47.3
44,43,46.8
44,44,46.3
44,45,45.8
44,46,45.4
44,47,44.9
44,48,44.5
44,49,44.2
44,50,
44,51,
44,52,
44,53,
44,54,
44,55,
44,56,
44,57,
44,58,
44,59,
44,60,
44,61,
44,62,
44,63,
44,64,
44,65,
44,66,
44,67,
44,68,
44,69,
44,70,
44,71,
44,72,
44,73,
44,74,
44,75,
44,76,
44,77,
44,78,
44,79,
44,80,
44,81,
44,82,
44,83,
44,84,
44,85,
44,86,
44,87,
44,88,
44,89,
44,90,
44,91,
44,92,
44,93,
44,94,
44,95,
44,96,
44,97,
44,98,
44,99,
44,100,
44,101,
44,102,
44,103,
44,104,
44,105,
44,106,
44,107,
44,108,
44,109,
44,110,
44,111,
44,112,
44,113,
44,114,
44,115,
45,20,64
45,21,63
45,22,62.2
45,23,61.3
45,24,60.4
45,25,59.5
45,26,58.6
45,27,57.8
45,28,56.9
45,29,56.1
45,30,55.3
45,31,54.5
45,32,53.7
45,33,52.9
45,34,52.2
45,35,51.5
45,36,50.7
45,37,50
45,38,49.4
45,39,48.7
45,40,48.1
45,41,47.5
45,42,46.9
45,43,46.3
45,44,45.8
45,45,45.3
45,46,44.8
45,47,44.4
45,48,44
45,49,43.6
45,50,
45,51,
45,52,
45,53,
45,54,
45,55,
45,56,
45,57,
45,58,
45,59,
45,60,
45,61,
45,62,
45,63,
45,64,
45,65,
45,66,
45,67,
45,68,
45,69,
45,70,
45,71,
45,72,
45,73,
45,74,
45,75,
45,76,
45,77,
45,78,
45,79,
45,80,
45,81,
45,82,
45,83,
45,84,
45,85,
45,86,
45,87,
45,88,
45,89,
45,90,
45,91,
45,92,
45,93,
45,94,
45,95,
45,96,
45,97,
45,98,
45,99,
45,100,
45,101,
45,102,
45,103,
45,104,
45,105,
45,106,
45,107,
45,108,
45,109,
45,110,
45,111,
45,112,
45,113,
45,114,
45,115,
46,20,63.9
46,21,63
46,22,62.1
46,23,61.2
46,24,60.3
46,25,59.4
46,26,58.5
46,27,57.7
46,28,56.8
46,29,56
46,30,55.1
46,31,54.3
46,32,53.5
46,33,52.7
46,34,52
46,35,51.2
46,36,50.5
46,37,49.8
46,38,49.1
46,39,48.4
46,40,47.7
46,41,47.1
46,42,46.5
46,43,45.9
46,44,45.4
46,45,44.8
46,46,44.3
46,47,43.9
46,48,43.4
46,49,43
46,50,
46,51,
46,52,
46,53,
46,54,
46,55,
46,56,
46,57,
46,58,
46,59,
46,60,
46,61,
46,62,
46,63,
46,64,
46,65,
46,66,
46,67,
46,68,
46,69,
46,70,
46,71,
46,72,
46,73,
46,74,
46,75,
46,76,
46,77,
46,78,
46,79,
46,80,
46,81,
46,82,
46,83,
46,84,
46,85,
46,86,
46,87,
46,88,
46,89,
46,90,
46,91,
46,92,
46,93,
46,94,
46,95,
46,96,
46,97,
46,98,
46,99,
46,100,
46,101,
46,102,
46,103,
46,104,
46,105,
46,106,
46,107,
46,108,
46,109,
46,110,
46,111,
46,112,
46,113,
46,114,
46,115,
47,20,63.8
47,21,62.9
47,22,62
47,23,61.1
47,24,60.2
47,25,59.3
47,26,58.4
47,27,57.5
47,28,56.7
47,29,55.8
47,30,55
47,31,54.1
47,32,53.3
47,33,52.5
47,34,51.7
47,35,51
47,36,50.2
47,37,49.5
47,38,48.8
47,39,48.1
47,40,47.4
47,41,46.7
47,42,46.1
47,43,45.5
47,44,44.9
47,45,44.4
47,46,43.9
47,47,43.4
47,48,42.9
47,49,42.4
47,50,
47,51,
47,52,
47,53,
47,54,
47,55,
47,56,
47,57,
47,58,
47,59,
47,60,
47,61,
47,62,
47,63,
47,64,
47,65,
47,66,
47,67,
47,68,
47,69,
47,70,
47,71,
47,72,
47,73,
47,74,
47,75,
47,76,
47,77,
47,78,
47,79,
47,80,
47,81,
47,82,
47,83,
47,84,
47,85,
47,86,
47,87,
47,88,
47,89,
47,90,
47,91,
47,92,
47,93,
47,94,
47,95,
47,96,
47,97,
47,98,
47,99,
47,100,
47,101,
47,102,
47,103,
47,104,
47,105,
47,106,
47,107,
47,108,
47,109,
47,110,
47,111,
47,112,
47,113,
47,114,
47,115,
48,20,63.7
48,21,62.8
48,22,61.9
48,23,61
48,24,60.1
48,25,59.2
48,26,58.3
48,27,57.4
48,28,56.5
48,29,55.7
48,30,54.8
48,31,54
48,32,53.2
48,33,52.3
48,34,51.5
48,35,50.8
48,36,50
48,37,49.2
48,38,48.5
48,39,47.8
48,40,47.1
48,41,46.4
48,42,45.8
48,43,45.1
48,44,44.5
48,45,44
48,46,43.4
48,47,42.9
48,48,42.4
48,49,41.9
48,50,
48,51,
48,52,
48,53,
48,54,
48,55,
48,56,
48,57,
48,58,
48,59,
48,60,
48,61,
48,62,
48,63,
48,64,
48,65,
48,66,
48,67,
48,68,
48,69,
48,70,
48,71,
48,72,
48,73,
48,74,
48,75,
48,76,
48,77,
48,78,
48,79,
48,80,
48,81,
48,82,
48,83,
48,84,
48,85,
48,86,
48,87,
48,88,
48,89,
48,90,
48,91,
48,92,
48,93,
48,94,
48,95,
48,96,
48,97,
48,98,
48,99,
48,100,
48,101,
48,102,
48,103,
48,104,
48,105,
48,106,
48,107,
48,108,
48,109,
48,110,
48,111,
48,112,
48,113,
48,114,
48,115,
49,20,63.7
49,21,62.8
49,22,61.8
49,23,60.9
49,24,60
49,25,59.1
49,26,58.2
49,27,57.3
49,28,56.4
49,29,55.6
49,30,54.7
49,31,53.8
49,32,53
49,33,52.2
49,34,51.4
49,35,50.6
49,36,49.8
49,37,49
49,38,48.2
49,39,47.5
49,40,46.8
49,41,46.1
49,42,45.4
49,43,44.8
49,44,44.2
49,45,43.6
49,46,43
49,47,42.4
49,48,41.9
49,49,41.4
49,50,
49,51,
49,52,
49,53,
49,54,
49,55,
49,56,
49,57,
49,58,
49,59,
49,60,
49,61,
49,62,
49,63,
49,64,
49,65,
49,66,
49,67,
49,68,
49,69,
49,70,
49,71,
49,72,
49,73,
49,74,
49,75,
49,76,
49,77,
49,78,
49,79,
49,80,
49,81,
49,82,
49,83,
49,84,
49,85,
49,86,
49,87,
49,88,
49,89,
49,90,
49,91,
49,92,
49,93,
49,94,
49,95,
49,96,
49,97,
49,98,
49,99,
49,100,
49,101,
49,102,
49,103,
49,104,
49,105,
49,106,
49,107,
49,108,
49,109,
49,110,
49,111,
49,112,
49,113,
49,114,
49,115,
50,20,63.6
50,21,62.7
50,22,61.8
50,23,60.8
50,24,59.9
50,25,59
50,26,58.1
50,27,57.2
50,28,56.3
50,29,55.4
50,30,54.6
50,31,53.7
50,32,52.9
50,33,52
50,34,51.2
50,35,50.4
50,36,49.6
50,37,48.8
50,38,48
50,39,47.3
50,40,46.5
50,41,45.8
50,42,45.1
50,43,44.4
50,44,43.8
50,45,43.2
50,46,42.6
50,47,42
50,48,41.5
50,49,40.9
50,50,40.4
50,51,40
50,52,39.5
50,53,39.1
50,54,38.7
50,55,38.3
50,56,38
50,57,37.6
50,58,37.3
50,59,37.1
50,60,
50,61,
50,62,
50,63,
50,64,
50,65,
50,66,
50,67,
50,68,
50,69,
50,70,
50,71,
50,72,
50,73,
50,74,
50,75,
50,76,
50,77,
50,78,
50,79,
50,80,
50,81,
50,82,
50,83,
50,84,
50,85,
50,86,
50,87,
50,88,
50,89,
50,90,
50,91,
50,92,
50,93,
50,94,
50,95,
50,96,
50,97,
50,98,
50,99,
50,100,
50,101,
50,102,
50,103,
50,104,
50,105,
50,106,
50,107,
50,108,
50,109,
50,110,
50,111,
50,112,
50,113,
50,114,
50,115,
51,20,63.6
51,21,62.6
51,22,61.7
51,23,60.8
51,24,59.9
51,25,58.9
51,26,58
51,27,57.1
51,28,56.2
51,29,55.3
51,30,54.5
51,31,53.6
51,32,52.7
51,33,51.9
51,34,51
51,35,50.2
51,36,49.4
51,37,48.6
51,38,47.8
51,39,47
51,40,46.3
51,41,45.5
51,42,44.8
51,43,44.1
51,44,43.5
51,45,42.8
51,46,42.2
51,47,41.6
51,48,41
51,49,40.5
51,50,40
51,51,39.5
51,52,39
51,53,38.5
51,54,38.1
51,55,37.7
51,56,37.4
51,57,37
51,58,36.7
51,59,36.4
51,60,
51,61,
51,62,
51,63,
51,64,
51,65,
51,66,
51,67,
51,68,
51,69,
51,70,
51,71,
51,72,
51,73,
51,74,
51,75,
51,76,
51,77,
51,78,
51,79,
51,80,
51,81,
51,82,
51,83,
51,84,
51,85,
51,86,
51,87,
51,88,
51,89,
51,90,
51,91,
51,92,
51,93,
51,94,
51,95,
51,96,
51,97,
51,98,
51,99,
51,100,
51,101,
51,102,
51,103,
51,104,
51,105,
51,106,
51,107,
51,108,
51,109,
51,110,
51,111,
51,112,
51,113,
51,114,
51,115,
52,20,63.5
52,21,62.6
52,22,61.7
52,23,60.7
52,24,59.8
52,25,58.9
52,26,58
52,27,57.1
52,28,56.1
52,29,55.2
52,30,54.4
52,31,53.5
52,32,52.6
52,33,51.7
52,34,50.9
52,35,50
52,36,49.2
52,37,48.4
52,38,47.6
52,39,46.8
52,40,46
52,41,45.3
52,42,44.6
52,43,43.8
52,44,43.2
52,45,42.5
52,46,41.8
52,47,41.2
52,48,40.6
52,49,40.1
52,50,39.5
52,51,39
52,52,38.5
52,53,38
52,54,37.6
52,55,37.2
52,56,36.8
52,57,36.4
52,58,36
52,59,35.7
52,60,
52,61,
52,62,
52,63,
52,64,
52,65,
52,66,
52,67,
52,68,
52,69,
52,70,
52,71,
52,72,
52,73,
52,74,
52,75,
52,76,
52,77,
52,78,
52,79,
52,80,
52,81,
52,82,
52,83,
52,84,
52,85,
52,86,
52,87,
52,88,
52,89,
52,90,
52,91,
52,92,
52,93,
52,94,
52,95,
52,96,
52,97,
52,98,
52,99,
52,100,
52,101,
52,102,
52,103,
52,104,
52,105,
52,106,
52,107,
52,108,
52,109,
52,110,
52,111,
52,112,
52,113,
52,114,
52,115,
53,20,63.5
53,21,62.5
53,22,61.6
53,23,60.7
53,24,59.7
53,25,58.8
53,26,57.9
53,27,57
53,28,56.1
53,29,55.2
53,30,54.3
53,31,53.4
53,32,52.5
53,33,51.6
53,34,50.8
53,35,49.9
53,36,49.1
53,37,48.2
53,38,47.4
53,39,46.6
53,40,45.8
53,41,45.1
53,42,44.3
53,43,43.6
53,44,42.9
53,45,42.2
53,46,41.5
53,47,40.9
53,48,40.3
53,49,39.7
53,50,39.1
53,51,38.5
53,52,38
53,53,37.5
53,54,37.1
53,55,36.6
53,56,36.2
53,57,35.8
53,58,35.4
53,59,35.1
53,60,
53,61,
53,62,
53,63,
53,64,
53,65,
53,66,
53,67,
53,68,
53,69,
53,70,
53,71,
53,72,
53,73,
53,74,
53,75,
53,76,
53,77,
53,78,
53,79,
53,80,
53,81,
53,82,
53,83,
53,84,
53,85,
53,86,
53,87,
53,88,
53,89,
53,90,
53,91,
53,92,
53,93,
53,94,
53,95,
53,96,
53,97,
53,98,
53,99,
53,100,
53,101,
53,102,
53,103,
53,104,
53,105,
53,106,
53,107,
53,108,
53,109,
53,110,
53,111,
53,112,
53,113,
53,114,
53,115,
54,20,63.5
54,21,62.5
54,22,61.6
54,23,60.6
54,24,59.7
54,25,58.8
54,26,57.8
54,27,56.9
54,28,56
54,29,55.1
54,30,54.2
54,31,53.3
54,32,52.4
54,33,51.5
54,34,50.6
54,35,49.8
54,36,48.9
54,37,48.1
54,38,47.2
54,39,46.4
54,40,45.6
54,41,44.8
54,42,44.1
54,43,43.3
54,44,42.6
54,45,41.9
54,46,41.2
54,47,40.5
54,48,39.9
54,49,39.3
54,50,38.7
54,51,38.1
54,52,37.6
54,53,37.1
54,54,36.6
54,55,36.1
54,56,35.7
54,57,35.2
54,58,34.8
54,59,34.5
54,60,
54,61,
54,62,
54,63,
54,64,
54,65,
54,66,
54,67,
54,68,
54,69,
54,70,
54,71,
54,72,
54,73,
54,74,
54,75,
54,76,
54,77,
54,78,
54,79,
54,80,
54,81,
54,82,
54,83,
54,84,
54,85,
54,86,
54,87,
54,88,
54,89,
54,90,
54,91,
54,92,
54,93,
54,94,
54,95,
54,96,
54,97,
54,98,
54,99,
54,100,
54,101,
54,102,
54,103,
54,104,
54,105,
54,106,
54,107,
54,108,
54,109,
54,110,
54,111,
54,112,
54,113,
54,114,
54,115,
55,20,63.4
55,21,62.5
55,22,61.5
55,23,60.6
55,24,59.6
55,25,58.7
55,26,57.8
55,27,56.8
55,28,55.9
55,29,55
55,30,54.1
55,31,53.2
55,32,52.3
55,33,51.4
55,34,50.5
55,35,49.7
55,36,48.8
55,37,47.9
55,38,47.1
55,39,46.3
55,40,45.5
55,41,44.7
55,42,43.9
55,43,43.1
55,44,42.4
55,45,41.6
55,46,40.9
55,47,40.2
55,48,39.6
55,49,38.9
55,50,38.3
55,51,37.7
55,52,37.2
55,53,36.6
55,54,36.1
55,55,35.6
55,56,35.1
55,57,34.7
55,58,34.3
55,59,33.9
55,60,
55,61,
55,62,
55,63,
55,64,
55,65,
55,66,
55,67,
55,68,
55,69,
55,70,
55,71,
55,72,
55,73,
55,74,
55,75,
55,76,
55,77,
55,78,
55,79,
55,80,
55,81,
55,82,
55,83,
55,84,
55,85,
55,86,
55,87,
55,88,
55,89,
55,90,
55,91,
55,92,
55,93,
55,94,
55,95,
55,96,
55,97,
55,98,
55,99,
55,100,
55,101,
55,102,
55,103,
55,104,
55,105,
55,106,
55,107,
55,108,
55,109,
55,110,
55,111,
55,112,
55,113,
55,114,
55,115,
56,20,63.4
56,21,62.4
56,22,61.5
56,23,60.5
56,24,59.6
56,25,58.7
56,26,57.7
56,27,56.8
56,28,55.9
56,29,54.9
56,30,54
56,31,53.1
56,32,52.2
56,33,51.3
56,34,50.4
56,35,49.5
56,36,48.7
56,37,47.8
56,38,47
56,39,46.1
56,40,45.3
56,41,44.5
56,42,43.7
56,43,42.9
56,44,42.1
56,45,41.4
56,46,40.7
56,47,40
56,48,39.3
56,49,38.6
56,50,38
56,51,37.4
56,52,36.8
56,53,36.2
56,54,35.7
56,55,35.1
56,56,34.7
56,57,34.2
56,58,33.7
56,59,33.3
56,60,
56,61,
56,62,
56,63,
56,64,
56,65,
56,66,
56,67,
56,68,
56,69,
56,70,
56,71,
56,72,
56,73,
56,74,
56,75,
56,76,
56,77,
56,78,
56,79,
56,80,
56,81,
56,82,
56,83,
56,84,
56,85,
56,86,
56,87,
56,88,
56,89,
56,90,
56,91,
56,92,
56,93,
56,94,
56,95,
56,96,
56,97,
56,98,
56,99,
56,100,
56,101,
56,102,
56,103,
56,104,
56,105,
56,106,
56,107,
56,108,
56,109,
56,110,
56,111,
56,112,
56,113,
56,114,
56,115,
57,20,63.4
57,21,62.4
57,22,61.5
57,23,60.5
57,24,59.6
57,25,58.6
57,26,57.7
57,27,56.7
57,28,55.8
57,29,54.9
57,30,54
57,31,53
57,32,52.1
57,33,51.2
57,34,50.3
57,35,49.4
57,36,48.6
57,37,47.7
57,38,46.8
57,39,46
57,40,45.1
57,41,44.3
57,42,43.5
57,43,42.7
57,44,41.9
57,45,41.2
57,46,40.4
57,47,39.7
57,48,39
57,49,38.3
57,50,37.6
57,51,37
57,52,36.4
57,53,35.8
57,54,35.2
57,55,34.7
57,56,34.2
57,57,33.7
57,58,33.2
57,59,32.8
57,60,
57,61,
57,62,
57,63,
57,64,
57,65,
57,66,
57,67,
57,68,
57,69,
57,70,
57,71,
57,72,
57,73,
57,74,
57,75,
57,76,
57,77,
57,78,
57,79,
57,80,
57,81,
57,82,
57,83,
57,84,
57,85,
57,86,
57,87,
57,88,
57,89,
57,90,
57,91,
57,92,
57,93,
57,94,
57,95,
57,96,
57,97,
57,98,
57,99,
57,100,
57,101,
57,102,
57,103,
57,104,
57,105,
57,106,
57,107,
57,108,
57,109,
57,110,
57,111,
57,112,
57,113,
57,114,
57,115,
58,20,63.3
58,21,62.4
58,22,61.4
58,23,60.5
58,24,59.5
58,25,58.6
58,26,57.6
58,27,56.7
58,28,55.8
58,29,54.8
58,30,53.9
58,31,53
58,32,52.1
58,33,51.2
58,34,50.3
58,35,49.4
58,36,48.5
58,37,47.6
58,38,46.7
58,39,45.8
58,40,45
58,41,44.2
58,42,43.3
58,43,42.5
58,44,41.7
58,45,40.9
58,46,40.2
58,47,39.4
58,48,38.7
58,49,38
58,50,37.3
58,51,36.7
58,52,36
58,53,35.4
58,54,34.8
58,55,34.3
58,56,33.7
58,57,33.2
58,58,32.8
58,59,32.3
58,60,
58,61,
58,62,
58,63,
58,64,
58,65,
58,66,
58,67,
58,68,
58,69,
58,70,
58,71,
58,72,
58,73,
58,74,
58,75,
58,76,
58,77,
58,78,
58,79,
58,80,
58,81,
58,82,
58,83,
58,84,
58,85,
58,86,
58,87,
58,88,
58,89,
58,90,
58,91,
58,92,
58,93,
58,94,
58,95,
58,96,
58,97,
58,98,
58,99,
58,100,
58,101,
58,102,
58,103,
58,104,
58,105,
58,106,
58,107,
58,108,
58,109,
58,110,
58,111,
58,112,
58,113,
58,114,
58,115,
59,20,63.3
59,21,62.3
59,22,61.4
59,23,60.4
59,24,59.5
59,25,58.5
59,26,57.6
59,27,56.7
59,28,55.7
59,29,54.8
59,30,53.8
59,31,52.9
59,32,52
59,33,51.1
59,34,50.2
59,35,49.3
59,36,48.4
59,37,47.5
59,38,46.6
59,39,45.7
59,40,44.9
59,41,44
59,42,43.2
59,43,42.4
59,44,41.5
59,45,40.7
59,46,40
59,47,39.2
59,48,38.5
59,49,37.8
59,50,37.1
59,51,36.4
59,52,35.7
59,53,35.1
59,54,34.5
59,55,33.9
59,56,33.3
59,57,32.8
59,58,32.3
59,59,31.8
59,60,
59,61,
59,62,
59,63,
59,64,
59,65,
59,66,
59,67,
59,68,
59,69,
59,70,
59,71,
59,72,
59,73,
59,74,
59,75,
59,76,
59,77,
59,78,
59,79,
59,80,
59,81,
59,82,
59,83,
59,84,
59,85,
59,86,
59,87,
59,88,
59,89,
59,90,
59,91,
59,92,
59,93,
59,94,
59,95,
59,96,
59,97,
59,98,
59,99,
59,100,
59,101,
59,102,
59,103,
59,104,
59,105,
59,106,
59,107,
59,108,
59,109,
59,110,
59,111,
59,112,
59,113,
59,114,
59,115,
60,20,63.3
60,21,62.3
60,22,61.4
60,23,60.4
60,24,59.5
60,25,58.5
60,26,57.6
60,27,56.6
60,28,55.7
60,29,54.7
60,30,53.8
60,31,52.9
60,32,51.9
60,33,51
60,34,50.1
60,35,49.2
60,36,48.3
60,37,47.4
60,38,46.5
60,39,45.6
60,40,44.7
60,41,43.9
60,42,43
60,43,42.2
60,44,41.4
60,45,40.6
60,46,39.8
60,47,39
60,48,38.2
60,49,37.5
60,50,36.8
60,51,36.1
60,52,35.4
60,53,34.8
60,54,34.1
60,55,33.5
60,56,32.9
60,57,32.4
60,58,31.9
60,59,31.3
60,60,30.9
60,61,30.4
60,62,30
60,63,29.6
60,64,29.2
60,65,28.8
60,66,28.5
60,67,28.2
60,68,27.9
60,69,27.6
60,70,
60,71,
60,72,
60,73,
60,74,
60,75,
60,76,
60,77,
60,78,
60,79,
60,80,
60,81,
60,82,
60,83,
60,84,
60,85,
60,86,
60,87,
60,88,
60,89,
60,90,
60,91,
60,92,
60,93,
60,94,
60,95,
60,96,
60,97,
60,98,
60,99,
60,100,
60,101,
60,102,
60,103,
60,104,
60,105,
60,106,
60,107,
60,108,
60,109,
60,110,
60,111,
60,112,
60,113,
60,114,
60,115,
61,20,63.3
61,21,62.3
61,22,61.3
61,23,60.4
61,24,59.4
61,25,58.5
61,26,57.5
61,27,56.6
61,28,55.6
61,29,54.7
61,30,53.8
61,31,52.8
61,32,51.9
61,33,51
61,34,50
61,35,49.1
61,36,48.2
61,37,47.3
61,38,46.4
61,39,45.5
61,40,44.6
61,41,43.8
61,42,42.9
61,43,42.1
61,44,41.2
61,45,40.4
61,46,39.6
61,47,38.8
61,48,38
61,49,37.3
61,50,36.6
61,51,35.8
61,52,35.1
61,53,34.5
61,54,33.8
61,55,33.2
61,56,32.6
61,57,32
61,58,31.4
61,59,30.9
61,60,30.4
61,61,29.9
61,62,29.5
61,63,29
61,64,28.6
61,65,28.3
61,66,27.9
61,67,27.6
61,68,27.3
61,69,27
61,70,
61,71,
61,72,
61,73,
61,74,
61,75,
61,76,
61,77,
61,78,
61,79,
61,80,
61,81,
61,82,
61,83,
61,84,
61,85,
61,86,
61,87,
61,88,
61,89,
61,90,
61,91,
61,92,
61,93,
61,94,
61,95,
61,96,
61,97,
61,98,
61,99,
61,100,
61,101,
61,102,
61,103,
61,104,
61,105,
61,106,
61,107,
61,108,
61,109,
61,110,
61,111,
61,112,
61,113,
61,114,
61,115,
62,20,63.2
62,21,62.3
62,22,61.3
62,23,60.4
62,24,59.4
62,25,58.4
62,26,57.5
62,27,56.5
62,28,55.6
62,29,54.7
62,30,53.7
62,31,52.8
62,32,51.8
62,33,50.9
62,34,50
62,35,49.1
62,36,48.1
62,37,47.2
62,38,46.3
62,39,45.4
62,40,44.5
62,41,43.7
62,42,42.8
62,43,41.9
62,44,41.1
62,45,40.3
62,46,39.4
62,47,38.6
62,48,37.8
62,49,37.1
62,50,36.3
62,51,35.6
62,52,34.9
62,53,34.2
62,54,33.5
62,55,32.9
62,56,32.2
62,57,31.6
62,58,31.1
62,59,30.5
62,60,30
62,61,29.5
62,62,29
62,63,28.5
62,64,28.1
62,65,27.7
62,66,27.3
62,67,27
62,68,26.7
62,69,26.4
62,70,
62,71,
62,72,
62,73,
62,74,
62,75,
62,76,
62,77,
62,78,
62,79,
62,80,
62,81,
62,82,
62,83,
62,84,
62,85,
62,86,
62,87,
62,88,
62,89,
62,90,
62,91,
62,92,
62,93,
62,94,
62,95,
62,96,
62,97,
62,98,
62,99,
62,100,
62,101,
62,102,
62,103,
62,104,
62,105,
62,106,
62,107,
62,108,
62,109,
62,110,
62,111,
62,112,
62,113,
62,114,
62,115,
63,20,63.2
63,21,62.3
63,22,61.3
63,23,60.3
63,24,59.4
63,25,58.4
63,26,57.5
63,27,56.5
63,28,55.6
63,29,54.6
63,30,53.7
63,31,52.7
63,32,51.8
63,33,50.9
63,34,49.9
63,35,49
63,36,48.1
63,37,47.2
63,38,46.3
63,39,45.3
63,40,44.5
63,41,43.6
63,42,42.7
63,43,41.8
63,44,41
63,45,40.1
63,46,39.3
63,47,38.5
63,48,37.7
63,49,36.9
63,50,36.1
63,51,35.4
63,52,34.6
63,53,33.9
63,54,33.2
63,55,32.6
63,56,31.9
63,57,31.3
63,58,30.7
63,59,30.1
63,60,29.6
63,61,29
63,62,28.5
63,63,28.1
63,64,27.6
63,65,27.2
63,66,26.8
63,67,26.4
63,68,26.1
63,69,25.7
63,70,
63,71,
63,72,
63,73,
63,74,
63,75,
63,76,
63,77,
63,78,
63,79,
63,80,
63,81,
63,82,
63,83,
63,84,
63,85,
63,86,
63,87,
63,88,
63,89,
63,90,
63,91,
63,92,
63,93,
63,94,
63,95,
63,96,
63,97,
63,98,
63,99,
63,100,
63,101,
63,102,
63,103,
63,104,
63,105,
63,106,
63,107,
63,108,
63,109,
63,110,
63,111,
63,112,
63,113,
63,114,
63,115,
64,20,63.2
64,21,62.2
64,22,61.3
64,23,60.3
64,24,59.4
64,25,58.4
64,26,57.4
64,27,56.5
64,28,55.5
64,29,54.6
64,30,53.6
64,31,52.7
64,32,51.8
64,33,50.8
64,34,49.9
64,35,48.9
64,36,48
64,37,47.1
64,38,46.2
64,39,45.3
64,40,44.4
64,41,43.5
64,42,42.6
64,43,41.7
64,44,40.8
64,45,40
64,46,39.2
64,47,38.3
64,48,37.5
64,49,36.7
64,50,35.9
64,51,35.2
64,52,34.4
64,53,33.7
64,54,33
64,55,32.3
64,56,31.6
64,57,31
64,58,30.4
64,59,29.8
64,60,29.2
64,61,28.6
64,62,28.1
64,63,27.6
64,64,27.1
64,65,26.7
64,66,26.3
64,67,25.9
64,68,25.5
64,69,25.2
64,70,
64,71,
64,72,
64,73,
64,74,
64,75,
64,76,
64,77,
64,78,
64,79,
64,80,
64,81,
64,82,
64,83,
64,84,
64,85,
64,86,
64,87,
64,88,
64,89,
64,90,
64,91,
64,92,
64,93,
64,94,
64,95,
64,96,
64,97,
64,98,
64,99,
64,100,
64,101,
64,102,
64,103,
64,104,
64,105,
64,106,
64,107,
64,108,
64,109,
64,110,
64,111,
64,112,
64,113,
64,114,
64,115,
65,20,63.2
65,21,62.2
65,22,61.3
65,23,60.3
65,24,59.3
65,25,58.4
65,26,57.4
65,27,56.5
65,28,55.5
65,29,54.6
65,30,53.6
65,31,52.7
65,32,51.7
65,33,50.8
65,34,49.8
65,35,48.9
65,36,48
65,37,47
65,38,46.1
65,39,45.2
65,40,44.3
65,41,43.4
65,42,42.5
65,43,41.6
65,44,40.7
65,45,39.9
65,46,39
65,47,38.2
65,48,37.4
65,49,36.6
65,50,35.8
65,51,35
65,52,34.2
65,53,33.5
65,54,32.7
65,55,32
65,56,31.4
65,57,30.7
65,58,30
65,59,29.4
65,60,28.8
65,61,28.3
65,62,27.7
65,63,27.2
65,64,26.7
65,65,26.2
65,66,25.8
65,67,25.4
65,68,25
65,69,24.6
65,70,
65,71,
65,72,
65,73,
65,74,
65,75,
65,76,
65,77,
65,78,
65,79,
65,80,
65,81,
65,82,
65,83,
65,84,
65,85,
65,86,
65,87,
65,88,
65,89,
65,90,
65,91,
65,92,
65,93,
65,94,
65,95,
65,96,
65,97,
65,98,
65,99,
65,100,
65,101,
65,102,
65,103,
65,104,
65,105,
65,106,
65,107,
65,108,
65,109,
65,110,
65,111,
65,112,
65,113,
65,114,
65,115,
66,20,63.2
66,21,62.2
66,22,61.2
66,23,60.3
66,24,59.3
66,25,58.4
66,26,57.4
66,27,56.4
66,28,55.5
66,29,54.5
66,30,53.6
66,31,52.6
66,32,51.7
66,33,50.7
66,34,49.8
66,35,48.9
66,36,47.9
66,37,47
66,38,46.1
66,39,45.1
66,40,44.2
66,41,43.3
66,42,42.4
66,43,41.5
66,44,40.6
66,45,39.8
66,46,38.9
66,47,38.1
66,48,37.2
66,49,36.4
66,50,35.6
66,51,34.8
66,52,34
66,53,33.3
66,54,32.5
66,55,31.8
66,56,31.1
66,57,30.4
66,58,29.8
66,59,29.1
66,60,28.5
66,61,27.9
66,62,27.3
66,63,26.8
66,64,26.3
66,65,25.8
66,66,25.3
66,67,24.9
66,68,24.5
66,69,24.1
66,70,
66,71,
66,72,
66,73,
66,74,
66,75,
66,76,
66,77,
66,78,
66,79,
66,80,
66,81,
66,82,
66,83,
66,84,
66,85,
66,86,
66,87,
66,88,
66,89,
66,90,
66,91,
66,92,
66,93,
66,94,
66,95,
66,96,
66,97,
66,98,
66,99,
66,100,
66,101,
66,102,
66,103,
66,104,
66,105,
66,106,
66,107,
66,108,
66,109,
66,110,
66,111,
66,112,
66,113,
66,114,
66,115,
67,20,63.2
67,21,62.2
67,22,61.2
67,23,60.3
67,24,59.3
67,25,58.3
67,26,57.4
67,27,56.4
67,28,55.5
67,29,54.5
67,30,53.6
67,31,52.6
67,32,51.7
67,33,50.7
67,34,49.8
67,35,48.8
67,36,47.9
67,37,46.9
67,38,46
67,39,45.1
67,40,44.2
67,41,43.3
67,42,42.3
67,43,41.4
67,44,40.6
67,45,39.7
67,46,38.8
67,47,38
67,48,37.1
67,49,36.3
67,50,35.5
67,51,34.7
67,52,33.9
67,53,33.1
67,54,32.3
67,55,31.6
67,56,30.9
67,57,30.2
67,58,29.5
67,59,28.8
67,60,28.2
67,61,27.6
67,62,27
67,63,26.4
67,64,25.9
67,65,25.4
67,66,24.9
67,67,24.4
67,68,24
67,69,23.6
67,70,
67,71,
67,72,
67,73,
67,74,
67,75,
67,76,
67,77,
67,78,
67,79,
67,80,
67,81,
67,82,
67,83,
67,84,
67,85,
67,86,
67,87,
67,88,
67,89,
67,90,
67,91,
67,92,
67,93,
67,94,
67,95,
67,96,
67,97,
67,98,
67,99,
67,100,
67,101,
67,102,
67,103,
67,104,
67,105,
67,106,
67,107,
67,108,
67,109,
67,110,
67,111,
67,112,
67,113,
67,114,
67,115,
68,20,63.1
68,21,62.2
68,22,61.2
68,23,60.2
68,24,59.3
68,25,58.3
68,26,57.4
68,27,56.4
68,28,55.4
68,29,54.5
68,30,53.5
68,31,52.6
68,32,51.6
68,33,50.7
68,34,49.7
68,35,48.8
68,36,47.8
68,37,46.9
68,38,46
68,39,45
68,40,44.1
68,41,43.2
68,42,42.3
68,43,41.4
68,44,40.5
68,45,39.6
68,46,38.7
68,47,37.9
68,48,37
68,49,36.2
68,50,35.3
68,51,34.5
68,52,33.7
68,53,32.9
68,54,32.1
68,55,31.4
68,56,30.7
68,57,29.9
68,58,29.2
68,59,28.6
68,60,27.9
68,61,27.3
68,62,26.7
68,63,26.1
68,64,25.5
68,65,25
68,66,24.5
68,67,24
68,68,23.5
68,69,23.1
68,70,
68,71,
68,72,
68,73,
68,74,
68,75,
68,76,
68,77,
68,78,
68,79,
68,80,
68,81,
68,82,
68,83,
68,84,
68,85,
68,86,
68,87,
68,88,
68,89,
68,90,
68,91,
68,92,
68,93,
68,94,
68,95,
68,96,
68,97,
68,98,
68,99,
68,100,
68,101,
68,102,
68,103,
68,104,
68,105,
68,106,
68,107,
68,108,
68,109,
68,110,
68,111,
68,112,
68,113,
68,114,
68,115,
69,20,63.1
69,21,62.2
69,22,61.2
69,23,60.2
69,24,59.3
69,25,58.3
69,26,57.3
69,27,56.4
69,28,55.4
69,29,54.5
69,30,53.5
69,31,52.6
69,32,51.6
69,33,50.6
69,34,49.7
69,35,48.7
69,36,47.8
69,37,46.9
69,38,45.9
69,39,45
69,40,44.1
69,41,43.1
69,42,42.2
69,43,41.3
69,44,40.4
69,45,39.5
69,46,38.6
69,47,37.8
69,48,36.9
69,49,36
69,50,35.2
69,51,34.4
69,52,33.6
69,53,32.8
69,54,32
69,55,31.2
69,56,30.5
69,57,29.7
69,58,29
69,59,28.3
69,60,27.6
69,61,27
69,62,26.4
69,63,25.7
69,64,25.2
69,65,24.6
69,66,24.1
69,67,23.6
69,68,23.1
69,69,22.6
69,70,
69,71,
69,72,
69,73,
69,74,
69,75,
69,76,
69,77,
69,78,
69,79,
69,80,
69,81,
69,82,
69,83,
69,84,
69,85,
69,86,
69,87,
69,88,
69,89,
69,90,
69,91,
69,92,
69,93,
69,94,
69,95,
69,96,
69,97,
69,98,
69,99,
69,100,
69,101,
69,102,
69,103,
69,104,
69,105,
69,106,
69,107,
69,108,
69,109,
69,110,
69,111,
69,112,
69,113,
69,114,
69,115,
70,20,63.1
70,21,62.2
70,22,61.2
70,23,60.2
70,24,59.3
70,25,58.3
70,26,57.3
70,27,56.4
70,28,55.4
70,29,54.4
70,30,53.5
70,31,52.5
70,32,51.6
70,33,50.6
70,34,49.7
70,35,48.7
70,36,47.8
70,37,46.8
70,38,45.9
70,39,44.9
70,40,44
70,41,43.1
70,42,42.2
70,43,41.3
70,44,40.3
70,45,39.4
70,46,38.6
70,47,37.7
70,48,36.8
70,49,35.9
70,50,35.1
70,51,34.3
70,52,33.4
70,53,32.6
70,54,31.8
70,55,31.1
70,56,30.3
70,57,29.5
70,58,28.8
70,59,28.1
70,60,27.4
70,61,26.7
70,62,26.1
70,63,25.4
70,64,24.8
70,65,24.3
70,66,23.7
70,67,23.2
70,68,22.7
70,69,22.2
70,70,21.8
70,71,21.3
70,72,20.9
70,73,20.6
70,74,20.2
70,75,19.9
70,76,19.6
70,77,19.4
70,78,19.1
70,79,18.9
70,80,
70,81,
70,82,
70,83,
70,84,
70,85,
70,86,
70,87,
70,88,
70,89,
70,90,
70,91,
70,92,
70,93,
70,94,
70,95,
70,96,
70,97,
70,98,
70,99,
70,100,
70,101,
70,102,
70,103,
70,104,
70,105,
70,106,
70,107,
70,108,
70,109,
70,110,
70,111,
70,112,
70,113,
70,114,
70,115,
71,20,63.1
71,21,62.1
71,22,61.2
71,23,60.2
71,24,59.2
71,25,58.3
71,26,57.3
71,27,56.4
71,28,55.4
71,29,54.4
71,30,53.5
71,31,52.5
71,32,51.6
71,33,50.6
71,34,49.6
71,35,48.7
71,36,47.7
71,37,46.8
71,38,45.9
71,39,44.9
71,40,44
71,41,43
71,42,42.1
71,43,41.2
71,44,40.3
71,45,39.4
71,46,38.5
71,47,37.6
71,48,36.7
71,49,35.9
71,50,35
71,51,34.2
71,52,33.3
71,53,32.5
71,54,31.7
71,55,30.9
71,56,30.1
71,57,29.4
71,58,28.6
71,59,27.9
71,60,27.2
71,61,26.5
71,62,25.8
71,63,25.2
71,64,24.5
71,65,23.9
71,66,23.4
71,67,22.8
71,68,22.3
71,69,21.8
71,70,21.3
71,71,20.9
71,72,20.5
71,73,20.1
71,74,19.7
71,75,19.4
71,76,19.1
71,77,18.8
71,78,18.5
71,79,18.3
71,80,
71,81,
71,82,
71,83,
71,84,
71,85,
71,86,
71,87,
71,88,
71,89,
71,90,
71,91,
71,92,
71,93,
71,94,
71,95,
71,96,
71,97,
71,98,
71,99,
71,100,
71,101,
71,102,
71,103,
71,104,
71,105,
71,106,
71,107,
71,108,
71,109,
71,110,
71,111,
71,112,
71,113,
71,114,
71,115,
72,20,63.1
72,21,62.1
72,22,61.2
72,23,60.2
72,24,59.2
72,25,58.3
72,26,57.3
72,27,56.3
72,28,55.4
72,29,54.4
72,30,53.5
72,31,52.5
72,32,51.5
72,33,50.6
72,34,49.6
72,35,48.7
72,36,47.7
72,37,46.8
72,38,45.8
72,39,44.9
72,40,43.9
72,41,43
72,42,42.1
72,43,41.1
72,44,40.2
72,45,39.3
72,46,38.4
72,47,37.5
72,48,36.6
72,49,35.8
72,50,34.9
72,51,34.1
72,52,33.2
72,53,32.4
72,54,31.6
72,55,30.8
72,56,30
72,57,29.2
72,58,28.4
72,59,27.7
72,60,27
72,61,26.3
72,62,25.6
72,63,24.9
72,64,24.3
72,65,23.7
72,66,23.1
72,67,22.5
72,68,22
72,69,21.4
72,70,20.9
72,71,20.5
72,72,20
72,73,19.6
72,74,19.3
72,75,18.9
72,76,18.6
72,77,18.3
72,78,18
72,79,17.7
72,80,
72,81,
72,82,
72,83,
72,84,
72,85,
72,86,
72,87,
72,88,
72,89,
72,90,
72,91,
72,92,
72,93,
72,94,
72,95,
72,96,
72,97,
72,98,
72,99,
72,100,
72,101,
72,102,
72,103,
72,104,
72,105,
72,106,
72,107,
72,108,
72,109,
72,110,
72,111,
72,112,
72,113,
72,114,
72,115,
73,20,63.1
73,21,62.1
73,22,61.2
73,23,60.2
73,24,59.2
73,25,58.3
73,26,57.3
73,27,56.3
73,28,55.4
73,29,54.4
73,30,53.4
73,31,52.5
73,32,51.5
73,33,50.6
73,34,49.6
73,35,48.6
73,36,47.7
73,37,46.7
73,38,45.8
73,39,44.8
73,40,43.9
73,41,43
73,42,42
73,43,41.1
73,44,40.2
73,45,39.3
73,46,38.4
73,47,37.5
73,48,36.6
73,49,35.7
73,50,34.8
73,51,34
73,52,33.1
73,53,32.3
73,54,31.5
73,55,30.6
73,56,29.8
73,57,29.1
73,58,28.3
73,59,27.5
73,60,26.8
73,61,26.1
73,62,25.4
73,63,24.7
73,64,24
73,65,23.4
73,66,22.8
73,67,22.2
73,68,21.6
73,69,21.1
73,70,20.6
73,71,20.1
73,72,19.6
73,73,19.2
73,74,18.8
73,75,18.4
73,76,18.1
73,77,17.8
73,78,17.5
73,79,17.2
73,80,
73,81,
73,82,
73,83,
73,84,
73,85,
73,86,
73,87,
73,88,
73,89,
73,90,
73,91,
73,92,
73,93,
73,94,
73,95,
73,96,
73,97,
73,98,
73,99,
73,100,
73,101,
73,102,
73,103,
73,104,
73,105,
73,106,
73,107,
73,108,
73,109,
73,110,
73,111,
73,112,
73,113,
73,114,
73,115,
74,20,63.1
74,21,62.1
74,22,61.2
74,23,60.2
74,24,59.2
74,25,58.2
74,26,57.3
74,27,56.3
74,28,55.4
74,29,54.4
74,30,53.4
74,31,52.5
74,32,51.5
74,33,50.5
74,34,49.6
74,35,48.6
74,36,47.7
74,37,46.7
74,38,45.8
74,39,44.8
74,40,43.9
74,41,42.9
74,42,42
74,43,41.1
74,44,40.1
74,45,39.2
74,46,38.3
74,47,37.4
74,48,36.5
74,49,35.6
74,50,34.8
74,51,33.9
74,52,33
74,53,32.2
74,54,31.4
74,55,30.5
74,56,29.7
74,57,28.9
74,58,28.1
74,59,27.4
74,60,26.6
74,61,25.9
74,62,25.2
74,63,24.5
74,64,23.8
74,65,23.1
74,66,22.5
74,67,21.9
74,68,21.3
74,69,20.8
74,70,20.2
74,71,19.7
74,72,19.3
74,73,18.8
74,74,18.4
74,75,18
74,76,17.6
74,77,17.3
74,78,17
74,79,16.7
74,80,
74,81,
74,82,
74,83,
74,84,
74,85,
74,86,
74,87,
74,88,
74,89,
74,90,
74,91,
74,92,
74,93,
74,94,
74,95,
74,96,
74,97,
74,98,
74,99,
74,100,
74,101,
74,102,
74,103,
74,104,
74,105,
74,106,
74,107,
74,108,
74,109,
74,110,
74,111,
74,112,
74,113,
74,114,
74,115,
75,20,63.1
75,21,62.1
75,22,61.1
75,23,60.2
75,24,59.2
75,25,58.2
75,26,57.3
75,27,56.3
75,28,55.3
75,29,54.4
75,30,53.4
75,31,52.5
75,32,51.5
75,33,50.5
75,34,49.6
75,35,48.6
75,36,47.7
75,37,46.7
75,38,45.7
75,39,44.8
75,40,43.8
75,41,42.9
75,42,42
75,43,41
75,44,40.1
75,45,39.2
75,46,38.3
75,47,37.4
75,48,36.5
75,49,35.6
75,50,34.7
75,51,33.8
75,52,33
75,53,32.1
75,54,31.3
75,55,30.4
75,56,29.6
75,57,28.8
75,58,28
75,59,27.2
75,60,26.5
75,61,25.7
75,62,25
75,63,24.3
75,64,23.6
75,65,22.9
75,66,22.3
75,67,21.6
75,68,21
75,69,20.5
75,70,19.9
75,71,19.4
75,72,18.9
75,73,18.4
75,74,18
75,75,17.6
75,76,17.2
75,77,16.8
75,78,16.5
75,79,16.2
75,80,
75,81,
75,82,
75,83,
75,84,
75,85,
75,86,
75,87,
75,88,
75,89,
75,90,
75,91,
75,92,
75,93,
75,94,
75,95,
75,96,
75,97,
75,98,
75,99,
75,100,
75,101,
75,102,
75,103,
75,104,
75,105,
75,106,
75,107,
75,108,
75,109,
75,110,
75,111,
75,112,
75,113,
75,114,
75,115,
76,20,63.1
76,21,62.1
76,22,61.1
76,23,60.2
76,24,59.2
76,25,58.2
76,26,57.3
76,27,56.3
76,28,55.3
76,29,54.4
76,30,53.4
76,31,52.4
76,32,51.5
76,33,50.5
76,34,49.6
76,35,48.6
76,36,47.6
76,37,46.7
76,38,45.7
76,39,44.8
76,40,43.8
76,41,42.9
76,42,41.9
76,43,41
76,44,40.1
76,45,39.1
76,46,38.2
76,47,37.3
76,48,36.4
76,49,35.5
76,50,34.6
76,51,33.8
76,52,32.9
76,53,32
76,54,31.2
76,55,30.3
76,56,29.5
76,57,28.7
76,58,27.9
76,59,27.1
76,60,26.3
76,61,25.6
76,62,24.8
76,63,24.1
76,64,23.4
76,65,22.7
76,66,22
76,67,21.4
76,68,20.8
76,69,20.2
76,70,19.6
76,71,19.1
76,72,18.6
76,73,18.1
76,74,17.6
76,75,17.2
76,76,16.8
76,77,16.4
76,78,16
76,79,15.7
76,80,
76,81,
76,82,
76,83,
76,84,
76,85,
76,86,
76,87,
76,88,
76,89,
76,90,
76,91,
76,92,
76,93,
76,94,
76,95,
76,96,
76,97,
76,98,
76,99,
76,100,
76,101,
76,102,
76,103,
76,104,
76,105,
76,106,
76,107,
76,108,
76,109,
76,110,
76,111,
76,112,
76,113,
76,114,
76,115,
77,20,63.1
77,21,62.1
77,22,61.1
77,23,60.2
77,24,59.2
77,25,58.2
77,26,57.3
77,27,56.3
77,28,55.3
77,29,54.4
77,30,53.4
77,31,52.4
77,32,51.5
77,33,50.5
77,34,49.5
77,35,48.6
77,36,47.6
77,37,46.7
77,38,45.7
77,39,44.8
77,40,43.8
77,41,42.9
77,42,41.9
77,43,41
77,44,40
77,45,39.1
77,46,38.2
77,47,37.3
77,48,36.4
77,49,35.5
77,50,34.6
77,51,33.7
77,52,32.8
77,53,32
77,54,31.1
77,55,30.3
77,56,29.4
77,57,28.6
77,58,27.8
77,59,27
77,60,26.2
77,61,25.4
77,62,24.7
77,63,23.9
77,64,23.2
77,65,22.5
77,66,21.8
77,67,21.2
77,68,20.6
77,69,19.9
77,70,19.4
77,71,18.8
77,72,18.3
77,73,17.8
77,74,17.3
77,75,16.8
77,76,16.4
77,77,16
77,78,15.6
77,79,15.3
77,80,
77,81,
77,82,
77,83,
77,84,
77,85,
77,86,
77,87,
77,88,
77,89,
77,90,
77,91,
77,92,
77,93,
77,94,
77,95,
77,96,
77,97,
77,98,
77,99,
77,100,
77,101,
77,102,
77,103,
77,104,
77,105,
77,106,
77,107,
77,108,
77,109,
77,110,
77,111,
77,112,
77,113,
77,114,
77,115,
78,20,63.1
78,21,62.1
78,22,61.1
78,23,60.2
78,24,59.2
78,25,58.2
78,26,57.3
78,27,56.3
78,28,55.3
78,29,54.4
78,30,53.4
78,31,52.4
78,32,51.5
78,33,50.5
78,34,49.5
78,35,48.6
78,36,47.6
78,37,46.6
78,38,45.7
78,39,44.7
78,40,43.8
78,41,42.8
78,42,41.9
78,43,40.9
78,44,40
78,45,39.1
78,46,38.2
78,47,37.2
78,48,36.3
78,49,35.4
78,50,34.5
78,51,33.6
78,52,32.8
78,53,31.9
78,54,31
78,55,30.2
78,56,29.3
78,57,28.5
78,58,27.7
78,59,26.9
78,60,26.1
78,61,25.3
78,62,24.6
78,63,23.8
78,64,23.1
78,65,22.4
78,66,21.7
78,67,21
78,68,20.3
78,69,19.7
78,70,19.1
78,71,18.5
78,72,18
78,73,17.5
78,74,17
78,75,16.5
78,76,16
78,77,15.6
78,78,15.2
78,79,14.9
78,80,
78,81,
78,82,
78,83,
78,84,
78,85,
78,86,
78,87,
78,88,
78,89,
78,90,
78,91,
78,92,
78,93,
78,94,
78,95,
78,96,
78,97,
78,98,
78,99,
78,100,
78,101,
78,102,
78,103,
78,104,
78,105,
78,106,
78,107,
78,108,
78,109,
78,110,
78,111,
78,112,
78,113,
78,114,
78,115,
79,20,63.1
79,21,62.1
79,22,61.1
79,23,60.2
79,24,59.2
79,25,58.2
79,26,57.2
79,27,56.3
79,28,55.3
79,29,54.3
79,30,53.4
79,31,52.4
79,32,51.5
79,33,50.5
79,34,49.5
79,35,48.6
79,36,47.6
79,37,46.6
79,38,45.7
79,39,44.7
79,40,43.8
79,41,42.8
79,42,41.9
79,43,40.9
79,44,40
79,45,39.1
79,46,38.1
79,47,37.2
79,48,36.3
79,49,35.4
79,50,34.5
79,51,33.6
79,52,32.7
79,53,31.8
79,54,31
79,55,30.1
79,56,29.3
79,57,28.4
79,58,27.6
79,59,26.8
79,60,26
79,61,25.2
79,62,24.4
79,63,23.7
79,64,22.9
79,65,22.2
79,66,21.5
79,67,20.8
79,68,20.1
79,69,19.5
79,70,18.9
79,71,18.3
79,72,17.7
79,73,17.2
79,74,16.7
79,75,16.2
79,76,15.7
79,77,15.3
79,78,14.9
79,79,14.5
79,80,
79,81,
79,82,
79,83,
79,84,
79,85,
79,86,
79,87,
79,88,
79,89,
79,90,
79,91,
79,92,
79,93,
79,94,
79,95,
79,96,
79,97,
79,98,
79,99,
79,100,
79,101,
79,102,
79,103,
79,104,
79,105,
79,106,
79,107,
79,108,
79,109,
79,110,
79,111,
79,112,
79,113,
79,114,
79,115,
80,20,63.1
80,21,62.1
80,22,61.1
80,23,60.1
80,24,59.2
80,25,58.2
80,26,57.2
80,27,56.3
80,28,55.3
80,29,54.3
80,30,53.4
80,31,52.4
80,32,51.4
80,33,50.5
80,34,49.5
80,35,48.5
80,36,47.6
80,37,46.6
80,38,45.7
80,39,44.7
80,40,43.7
80,41,42.8
80,42,41.8
80,43,40.9
80,44,40
80,45,39
80,46,38.1
80,47,37.2
80,48,36.3
80,49,35.4
80,50,34.5
80,51,33.6
80,52,32.7
80,53,31.8
80,54,30.9
80,55,30.1
80,56,29.2
80,57,28.4
80,58,27.5
80,59,26.7
80,60,25.9
80,61,25.1
80,62,24.3
80,63,23.6
80,64,22.8
80,65,22.1
80,66,21.3
80,67,20.6
80,68,20
80,69,19.3
80,70,18.7
80,71,18.1
80,72,17.5
80,73,16.9
80,74,16.4
80,75,15.9
80,76,15.4
80,77,15
80,78,14.5
80,79,14.1
80,80,13.8
80,81,13.4
80,82,13.1
80,83,12.8
80,84,12.6
80,85,12.3
80,86,12.1
80,87,11.9
80,88,11.7
80,89,11.5
80,90,
80,91,
80,92,
80,93,
80,94,
80,95,
80,96,
80,97,
80,98,
80,99,
80,100,
80,101,
80,102,
80,103,
80,104,
80,105,
80,106,
80,107,
80,108,
80,109,
80,110,
80,111,
80,112,
80,113,
80,114,
80,115,
81,20,63.1
81,21,62.1
81,22,61.1
81,23,60.1
81,24,59.2
81,25,58.2
81,26,57.2
81,27,56.3
81,28,55.3
81,29,54.3
81,30,53.4
81,31,52.4
81,32,51.4
81,33,50.5
81,34,49.5
81,35,48.5
81,36,47.6
81,37,46.6
81,38,45.7
81,39,44.7
81,40,43.7
81,41,42.8
81,42,41.8
81,43,40.9
81,44,39.9
81,45,39
81,46,38.1
81,47,37.2
81,48,36.2
81,49,35.3
81,50,34.4
81,51,33.5
81,52,32.6
81,53,31.8
81,54,30.9
81,55,30
81,56,29.2
81,57,28.3
81,58,27.5
81,59,26.6
81,60,25.8
81,61,25
81,62,24.2
81,63,23.4
81,64,22.7
81,65,21.9
81,66,21.2
81,67,20.5
81,68,19.8
81,69,19.1
81,70,18.5
81,71,17.9
81,72,17.3
81,73,16.7
81,74,16.2
81,75,15.6
81,76,15.1
81,77,14.7
81,78,14.2
81,79,13.8
81,80,13.4
81,81,13.1
81,82,12.7
81,83,12.4
81,84,12.2
81,85,11.9
81,86,11.7
81,87,11.4
81,88,11.3
81,89,11.1
81,90,
81,91,
81,92,
81,93,
81,94,
81,95,
81,96,
81,97,
81,98,
81,99,
81,100,
81,101,
81,102,
81,103,
81,104,
81,105,
81,106,
81,107,
81,108,
81,109,
81,110,
81,111,
81,112,
81,113,
81,114,
81,115,
82,20,63.1
82,21,62.1
82,22,61.1
82,23,60.1
82,24,59.2
82,25,58.2
82,26,57.2
82,27,56.3
82,28,55.3
82,29,54.3
82,30,53.4
82,31,52.4
82,32,51.4
82,33,50.5
82,34,49.5
82,35,48.5
82,36,47.6
82,37,46.6
82,38,45.6
82,39,44.7
82,40,43.7
82,41,42.8
82,42,41.8
82,43,40.9
82,44,39.9
82,45,39
82,46,38.1
82,47,37.1
82,48,36.2
82,49,35.3
82,50,34.4
82,51,33.5
82,52,32.6
82,53,31.7
82,54,30.8
82,55,30
82,56,29.1
82,57,28.3
82,58,27.4
82,59,26.6
82,60,25.8
82,61,24.9
82,62,24.1
82,63,23.4
82,64,22.6
82,65,21.8
82,66,21.1
82,67,20.4
82,68,19.7
82,69,19
82,70,18.3
82,71,17.7
82,72,17.1
82,73,16.5
82,74,15.9
82,75,15.4
82,76,14.9
82,77,14.4
82,78,13.9
82,79,13.5
82,80,13.1
82,81,12.7
82,82,12.4
82,83,12.1
82,84,11.8
82,85,11.5
82,86,11.3
82,87,11
82,88,10.8
82,89,10.6
82,90,
82,91,
82,92,
82,93,
82,94,
82,95,
82,96,
82,97,
82,98,
82,99,
82,100,
82,101,
82,102,
82,103,
82,104,
82,105,
82,106,
82,107,
82,108,
82,109,
82,110,
82,111,
82,112,
82,113,
82,114,
82,115,
83,20,63.1
83,21,62.1
83,22,61.1
83,23,60.1
83,24,59.2
83,25,58.2
83,26,57.2
83,27,56.3
83,28,55.3
83,29,54.3
83,30,53.4
83,31,52.4
83,32,51.4
83,33,50.5
83,34,49.5
83,35,48.5
83,36,47.6
83,37,46.6
83,38,45.6
83,39,44.7
83,40,43.7
83,41,42.8
83,42,41.8
83,43,40.9
83,44,39.9
83,45,39
83,46,38
83,47,37.1
83,48,36.2
83,49,35.3
83,50,34.4
83,51,33.5
83,52,32.6
83,53,31.7
83,54,30.8
83,55,29.9
83,56,29.1
83,57,28.2
83,58,27.4
83,59,26.5
83,60,25.7
83,61,24.9
83,62,24.1
83,63,23.3
83,64,22.5
83,65,21.7
83,66,21
83,67,20.2
83,68,19.5
83,69,18.8
83,70,18.2
83,71,17.5
83,72,16.9
83,73,16.3
83,74,15.7
83,75,15.2
83,76,14.7
83,77,14.2
83,78,13.7
83,79,13.2
83,80,12.8
83,81,12.4
83,82,12.1
83,83,11.7
83,84,11.4
83,85,11.1
83,86,10.9
83,87,10.6
83,88,10.4
83,89,10.2
83,90,
83,91,
83,92,
83,93,
83,94,
83,95,
83,96,
83,97,
83,98,
83,99,
83,100,
83,101,
83,102,
83,103,
83,104,
83,105,
83,106,
83,107,
83,108,
83,109,
83,110,
83,111,
83,112,
83,113,
83,114,
83,115,
84,20,63
84,21,62.1
84,22,61.1
84,23,60.1
84,24,59.2
84,25,58.2
84,26,57.2
84,27,56.3
84,28,55.3
84,29,54.3
84,30,53.4
84,31,52.4
84,32,51.4
84,33,50.5
84,34,49.5
84,35,48.5
84,36,47.6
84,37,46.6
84,38,45.6
84,39,44.7
84,40,43.7
84,41,42.7
84,42,41.8
84,43,40.8
84,44,39.9
84,45,39
84,46,38
84,47,37.1
84,48,36.2
84,49,35.3
84,50,34.3
84,51,33.4
84,52,32.5
84,53,31.7
84,54,30.8
84,55,29.9
84,56,29
84,57,28.2
84,58,27.3
84,59,26.5
84,60,25.6
84,61,24.8
84,62,24
84,63,23.2
84,64,22.4
84,65,21.6
84,66,20.9
84,67,20.1
84,68,19.4
84,69,18.7
84,70,18
84,71,17.4
84,72,16.7
84,73,16.1
84,74,15.5
84,75,15
84,76,14.4
84,77,13.9
84,78,13.4
84,79,13
84,80,12.6
84,81,12.2
84,82,11.8
84,83,11.4
84,84,11.1
84,85,10.8
84,86,10.5
84,87,10.3
84,88,10.1
84,89,9.9
84,90,
84,91,
84,92,
84,93,
84,94,
84,95,
84,96,
84,97,
84,98,
84,99,
84,100,
84,101,
84,102,
84,103,
84,104,
84,105,
84,106,
84,107,
84,108,
84,109,
84,110,
84,111,
84,112,
84,113,
84,114,
84,115,
85,20,63
85,21,62.1
85,22,61.1
85,23,60.1
85,24,59.2
85,25,58.2
85,26,57.2
85,27,56.3
85,28,55.3
85,29,54.3
85,30,53.3
85,31,52.4
85,32,51.4
85,33,50.4
85,34,49.5
85,35,48.5
85,36,47.5
85,37,46.6
85,38,45.6
85,39,44.7
85,40,43.7
85,41,42.7
85,42,41.8
85,43,40.8
85,44,39.9
85,45,38.9
85,46,38
85,47,37.1
85,48,36.2
85,49,35.2
85,50,34.3
85,51,33.4
85,52,32.5
85,53,31.6
85,54,30.7
85,55,29.9
85,56,29
85,57,28.1
85,58,27.3
85,59,26.4
85,60,25.6
85,61,24.8
85,62,23.9
85,63,23.1
85,64,22.3
85,65,21.6
85,66,20.8
85,67,20.1
85,68,19.3
85,69,18.6
85,70,17.9
85,71,17.3
85,72,16.6
85,73,16
85,74,15.4
85,75,14.8
85,76,14.3
85,77,13.7
85,78,13.2
85,79,12.8
85,80,12.3
85,81,11.9
85,82,11.5
85,83,11.1
85,84,10.8
85,85,10.5
85,86,10.2
85,87,9.9
85,88,9.7
85,89,9.5
85,90,
85,91,
85,92,
85,93,
85,94,
85,95,
85,96,
85,97,
85,98,
85,99,
85,100,
85,101,
85,102,
85,103,
85,104,
85,105,
85,106,
85,107,
85,108,
85,109,
85,110,
85,111,
85,112,
85,113,
85,114,
85,115,
86,20,63
86,21,62.1
86,22,61.1
86,23,60.1
86,24,59.2
86,25,58.2
86,26,57.2
86,27,56.2
86,28,55.3
86,29,54.3
86,30,53.3
86,31,52.4
86,32,51.4
86,33,50.4
86,34,49.5
86,35,48.5
86,36,47.5
86,37,46.6
86,38,45.6
86,39,44.6
86,40,43.7
86,41,42.7
86,42,41.8
86,43,40.8
86,44,39.9
86,45,38.9
86,46,38
86,47,37.1
86,48,36.1
86,49,35.2
86,50,34.3
86,51,33.4
86,52,32.5
86,53,31.6
86,54,30.7
86,55,29.8
86,56,29
86,57,28.1
86,58,27.2
86,59,26.4
86,60,25.5
86,61,24.7
86,62,23.9
86,63,23.1
86,64,22.3
86,65,21.5
86,66,20.7
86,67,20
86,68,19.2
86,69,18.5
86,70,17.8
86,71,17.1
86,72,16.5
86,73,15.8
86,74,15.2
86,75,14.6
86,76,14.1
86,77,13.5
86,78,13
86,79,12.5
86,80,12.1
86,81,11.7
86,82,11.3
86,83,10.9
86,84,10.5
86,85,10.2
86,86,9.9
86,87,9.6
86,88,9.4
86,89,9.2
86,90,
86,91,
86,92,
86,93,
86,94,
86,95,
86,96,
86,97,
86,98,
86,99,
86,100,
86,101,
86,102,
86,103,
86,104,
86,105,
86,106,
86,107,
86,108,
86,109,
86,110,
86,111,
86,112,
86,113,
86,114,
86,115,
87,20,63
87,21,62.1
87,22,61.1
87,23,60.1
87,24,59.2
87,25,58.2
87,26,57.2
87,27,56.2
87,28,55.3
87,29,54.3
87,30,53.3
87,31,52.4
87,32,51.4
87,33,50.4
87,34,49.5
87,35,48.5
87,36,47.5
87,37,46.6
87,38,45.6
87,39,44.6
87,40,43.7
87,41,42.7
87,42,41.8
87,43,40.8
87,44,39.9
87,45,38.9
87,46,38
87,47,37
87,48,36.1
87,49,35.2
87,50,34.3
87,51,33.4
87,52,32.5
87,53,31.6
87,54,30.7
87,55,29.8
87,56,28.9
87,57,28.1
87,58,27.2
87,59,26.4
87,60,25.5
87,61,24.7
87,62,23.8
87,63,23
87,64,22.2
87,65,21.4
87,66,20.7
87,67,19.9
87,68,19.2
87,69,18.4
87,70,17.7
87,71,17
87,72,16.4
87,73,15.7
87,74,15.1
87,75,14.5
87,76,13.9
87,77,13.4
87,78,12.9
87,79,12.4
87,80,11.9
87,81,11.4
87,82,11
87,83,10.6
87,84,10.3
87,85,9.9
87,86,9.6
87,87,9.4
87,88,9.1
87,89,8.9
87,90,
87,91,
87,92,
87,93,
87,94,
87,95,
87,96,
87,97,
87,98,
87,99,
87,100,
87,101,
87,102,
87,103,
87,104,
87,105,
87,106,
87,107,
87,108,
87,109,
87,110,
87,111,
87,112,
87,113,
87,114,
87,115,
88,20,63
88,21,62.1
88,22,61.1
88,23,60.1
88,24,59.2
88,25,58.2
88,26,57.2
88,27,56.2
88,28,55.3
88,29,54.3
88,30,53.3
88,31,52.4
88,32,51.4
88,33,50.4
88,34,49.5
88,35,48.5
88,36,47.5
88,37,46.6
88,38,45.6
88,39,44.6
88,40,43.7
88,41,42.7
88,42,41.8
88,43,40.8
88,44,39.9
88,45,38.9
88,46,38
88,47,37
88,48,36.1
88,49,35.2
88,50,34.3
88,51,33.4
88,52,32.5
88,53,31.6
88,54,30.7
88,55,29.8
88,56,28.9
88,57,28
88,58,27.2
88,59,26.3
88,60,25.5
88,61,24.6
88,62,23.8
88,63,23
88,64,22.2
88,65,21.4
88,66,20.6
88,67,19.8
88,68,19.1
88,69,18.3
88,70,17.6
88,71,16.9
88,72,16.3
88,73,15.6
88,74,15
88,75,14.4
88,76,13.8
88,77,13.2
88,78,12.7
88,79,12.2
88,80,11.7
88,81,11.3
88,82,10.8
88,83,10.4
88,84,10.1
88,85,9.7
88,86,9.4
88,87,9.1
88,88,8.8
88,89,8.6
88,90,
88,91,
88,92,
88,93,
88,94,
88,95,
88,96,
88,97,
88,98,
88,99,
88,100,
88,101,
88,102,
88,103,
88,104,
88,105,
88,106,
88,107,
88,108,
88,109,
88,110,
88,111,
88,112,
88,113,
88,114,
88,115,
89,20,63
89,21,62.1
89,22,61.1
89,23,60.1
89,24,59.1
89,25,58.2
89,26,57.2
89,27,56.2
89,28,55.3
89,29,54.3
89,30,53.3
89,31,52.4
89,32,51.4
89,33,50.4
89,34,49.5
89,35,48.5
89,36,47.5
89,37,46.6
89,38,45.6
89,39,44.6
89,40,43.7
89,41,42.7
89,42,41.7
89,43,40.8
89,44,39.8
89,45,38.9
89,46,38
89,47,37
89,48,36.1
89,49,35.2
89,50,34.3
89,51,33.3
89,52,32.4
89,53,31.5
89,54,30.7
89,55,29.8
89,56,28.9
89,57,28
89,58,27.2
89,59,26.3
89,60,25.4
89,61,24.6
89,62,23.8
89,63,22.9
89,64,22.1
89,65,21.3
89,66,20.5
89,67,19.8
89,68,19
89,69,18.3
89,70,17.6
89,71,16.9
89,72,16.2
89,73,15.5
89,74,14.9
89,75,14.3
89,76,13.7
89,77,13.1
89,78,12.6
89,79,12
89,80,11.5
89,81,11.1
89,82,10.6
89,83,10.2
89,84,9.9
89,85,9.5
89,86,9.2
89,87,8.9
89,88,8.6
89,89,8.3
89,90,
89,91,
89,92,
89,93,
89,94,
89,95,
89,96,
89,97,
89,98,
89,99,
89,100,
89,101,
89,102,
89,103,
89,104,
89,105,
89,106,
89,107,
89,108,
89,109,
89,110,
89,111,
89,112,
89,113,
89,114,
89,115,
90,20,63
90,21,62.1
90,22,61.1
90,23,60.1
90,24,59.1
90,25,58.2
90,26,57.2
90,27,56.2
90,28,55.3
90,29,54.3
90,30,53.3
90,31,52.4
90,32,51.4
90,33,50.4
90,34,49.5
90,35,48.5
90,36,47.5
90,37,46.6
90,38,45.6
90,39,44.6
90,40,43.7
90,41,42.7
90,42,41.7
90,43,40.8
90,44,39.8
90,45,38.9
90,46,38
90,47,37
90,48,36.1
90,49,35.2
90,50,34.2
90,51,33.3
90,52,32.4
90,53,31.5
90,54,30.6
90,55,29.8
90,56,28.9
90,57,28
90,58,27.1
90,59,26.3
90,60,25.4
90,61,24.6
90,62,23.7
90,63,22.9
90,64,22.1
90,65,21.3
90,66,20.5
90,67,19.7
90,68,19
90,69,18.2
90,70,17.5
90,71,16.8
90,72,16.1
90,73,15.4
90,74,14.8
90,75,14.2
90,76,13.6
90,77,13
90,78,12.4
90,79,11.9
90,80,11.4
90,81,10.9
90,82,10.5
90,83,10.1
90,84,9.7
90,85,9.3
90,86,9
90,87,8.6
90,88,8.3
90,89,8.1
90,90,7.8
90,91,7.6
90,92,7.4
90,93,7.2
90,94,7.1
90,95,6.9
90,96,6.8
90,97,6.6
90,98,6.5
90,99,6.4
90,100,
90,101,
90,102,
90,103,
90,104,
90,105,
90,106,
90,107,
90,108,
90,109,
90,110,
90,111,
90,112,
90,113,
90,114,
90,115,
91,20,63
91,21,62.1
91,22,61.1
91,23,60.1
91,24,59.1
91,25,58.2
91,26,57.2
91,27,56.2
91,28,55.3
91,29,54.3
91,30,53.3
91,31,52.4
91,32,51.4
91,33,50.4
91,34,49.5
91,35,48.5
91,36,47.5
91,37,46.6
91,38,45.6
91,39,44.6
91,40,43.7
91,41,42.7
91,42,41.7
91,43,40.8
91,44,39.8
91,45,38.9
91,46,37.9
91,47,37
91,48,36.1
91,49,35.2
91,50,34.2
91,51,33.3
91,52,32.4
91,53,31.5
91,54,30.6
91,55,29.7
91,56,28.9
91,57,28
91,58,27.1
91,59,26.3
91,60,25.4
91,61,24.5
91,62,23.7
91,63,22.9
91,64,22.1
91,65,21.3
91,66,20.5
91,67,19.7
91,68,18.9
91,69,18.2
91,70,17.4
91,71,16.7
91,72,16
91,73,15.4
91,74,14.7
91,75,14.1
91,76,13.5
91,77,12.9
91,78,12.3
91,79,11.8
91,80,11.3
91,81,10.8
91,82,10.3
91,83,9.9
91,84,9.5
91,85,9.1
91,86,8.8
91,87,8.4
91,88,8.1
91,89,7.9
91,90,7.6
91,91,7.4
91,92,7.2
91,93,7
91,94,6.8
91,95,6.7
91,96,6.5
91,97,6.4
91,98,6.3
91,99,6.1
91,100,
91,101,
91,102,
91,103,
91,104,
91,105,
91,106,
91,107,
91,108,
91,109,
91,110,
91,111,
91,112,
91,113,
91,114,
91,115,
92,20,63
92,21,62.1
92,22,61.1
92,23,60.1
92,24,59.1
92,25,58.2
92,26,57.2
92,27,56.2
92,28,55.3
92,29,54.3
92,30,53.3
92,31,52.4
92,32,51.4
92,33,50.4
92,34,49.5
92,35,48.5
92,36,47.5
92,37,46.6
92,38,45.6
92,39,44.6
92,40,43.7
92,41,42.7
92,42,41.7
92,43,40.8
92,44,39.8
92,45,38.9
92,46,37.9
92,47,37
92,48,36.1
92,49,35.1
92,50,34.2
92,51,33.3
92,52,32.4
92,53,31.5
92,54,30.6
92,55,29.7
92,56,28.8
92,57,28
92,58,27.1
92,59,26.2
92,60,25.4
92,61,24.5
92,62,23.7
92,63,22.9
92,64,22
92,65,21.2
92,66,20.4
92,67,19.6
92,68,18.9
92,69,18.1
92,70,17.4
92,71,16.7
92,72,16
92,73,15.3
92,74,14.6
92,75,14
92,76,13.4
92,77,12.8
92,78,12.2
92,79,11.7
92,80,11.2
92,81,10.7
92,82,10.2
92,83,9.8
92,84,9.3
92,85,9
92,86,8.6
92,87,8.3
92,88,8
92,89,7.7
92,90,7.4
92,91,7.2
92,92,7
92,93,6.8
92,94,6.6
92,95,6.4
92,96,6.3
92,97,6.1
92,98,6
92,99,5.9
92,100,
92,101,
92,102,
92,103,
92,104,
92,105,
92,106,
92,107,
92,108,
92,109,
92,110,
92,111,
92,112,
92,113,
92,114,
92,115,
93,20,63
93,21,62.1
93,22,61.1
93,23,60.1
93,24,59.1
93,25,58.2
93,26,57.2
93,27,56.2
93,28,55.3
93,29,54.3
93,30,53.3
93,31,52.4
93,32,51.4
93,33,50.4
93,34,49.5
93,35,48.5
93,36,47.5
93,37,46.6
93,38,45.6
93,39,44.6
93,40,43.7
93,41,42.7
93,42,41.7
93,43,40.8
93,44,39.8
93,45,38.9
93,46,37.9
93,47,37
93,48,36.1
93,49,35.1
93,50,34.2
93,51,33.3
93,52,32.4
93,53,31.5
93,54,30.6
93,55,29.7
93,56,28.8
93,57,28
93,58,27.1
93,59,26.2
93,60,25.4
93,61,24.5
93,62,23.7
93,63,22.8
93,64,22
93,65,21.2
93,66,20.4
93,67,19.6
93,68,18.8
93,69,18.1
93,70,17.3
93,71,16.6
93,72,15.9
93,73,15.2
93,74,14.6
93,75,13.9
93,76,13.3
93,77,12.7
93,78,12.1
93,79,11.6
93,80,11.1
93,81,10.6
93,82,10.1
93,83,9.6
93,84,9.2
93,85,8.8
93,86,8.5
93,87,8.1
93,88,7.8
93,89,7.5
93,90,7.2
93,91,7
93,92,6.8
93,93,6.6
93,94,6.4
93,95,6.2
93,96,6.1
93,97,5.9
93,98,5.8
93,99,5.6
93,100,
93,101,
93,102,
93,103,
93,104,
93,105,
93,106,
93,107,
93,108,
93,109,
93,110,
93,111,
93,112,
93,113,
93,114,
93,115,
94,20,63
94,21,62.1
94,22,61.1
94,23,60.1
94,24,59.1
94,25,58.2
94,26,57.2
94,27,56.2
94,28,55.3
94,29,54.3
94,30,53.3
94,31,52.4
94,32,51.4
94,33,50.4
94,34,49.5
94,35,48.5
94,36,47.5
94,37,46.6
94,38,45.6
94,39,44.6
94,40,43.7
94,41,42.7
94,42,41.7
94,43,40.8
94,44,39.8
94,45,38.9
94,46,37.9
94,47,37
94,48,36.1
94,49,35.1
94,50,34.2
94,51,33.3
94,52,32.4
94,53,31.5
94,54,30.6
94,55,29.7
94,56,28.8
94,57,27.9
94,58,27.1
94,59,26.2
94,60,25.3
94,61,24.5
94,62,23.6
94,63,22.8
94,64,22
94,65,21.2
94,66,20.4
94,67,19.6
94,68,18.8
94,69,18
94,70,17.3
94,71,16.6
94,72,15.9
94,73,15.2
94,74,14.5
94,75,13.9
94,76,13.2
94,77,12.6
94,78,12
94,79,11.5
94,80,11
94,81,10.5
94,82,10
94,83,9.5
94,84,9.1
94,85,8.7
94,86,8.3
94,87,8
94,88,7.6
94,89,7.3
94,90,7.1
94,91,6.8
94,92,6.6
94,93,6.4
94,94,6.2
94,95,6
94,96,5.9
94,97,5.7
94,98,5.6
94,99,5.4
94,100,
94,101,
94,102,
94,103,
94,104,
94,105,
94,106,
94,107,
94,108,
94,109,
94,110,
94,111,
94,112,
94,113,
94,114,
94,115,
95,20,63
95,21,62.1
95,22,61.1
95,23,60.1
95,24,59.1
95,25,58.2
95,26,57.2
95,27,56.2
95,28,55.3
95,29,54.3
95,30,53.3
95,31,52.4
95,32,51.4
95,33,50.4
95,34,49.5
95,35,48.5
95,36,47.5
95,37,46.5
95,38,45.6
95,39,44.6
95,40,43.6
95,41,42.7
95,42,41.7
95,43,40.8
95,44,39.8
95,45,38.9
95,46,37.9
95,47,37
95,48,36.1
95,49,35.1
95,50,34.2
95,51,33.3
95,52,32.4
95,53,31.5
95,54,30.6
95,55,29.7
95,56,28.8
95,57,27.9
95,58,27.1
95,59,26.2
95,60,25.3
95,61,24.5
95,62,23.6
95,63,22.8
95,64,22
95,65,21.1
95,66,20.3
95,67,19.6
95,68,18.8
95,69,18
95,70,17.3
95,71,16.5
95,72,15.8
95,73,15.1
95,74,14.5
95,75,13.8
95,76,13.2
95,77,12.6
95,78,12
95,79,11.4
95,80,10.9
95,81,10.4
95,82,9.9
95,83,9.4
95,84,9
95,85,8.6
95,86,8.2
95,87,7.8
95,88,7.5
95,89,7.2
95,90,6.9
95,91,6.7
95,92,6.4
95,93,6.2
95,94,6
95,95,5.8
95,96,5.7
95,97,5.5
95,98,5.4
95,99,5.2
95,100,
95,101,
95,102,
95,103,
95,104,
95,105,
95,106,
95,107,
95,108,
95,109,
95,110,
95,111,
95,112,
95,113,
95,114,
95,115,
96,20,63
96,21,62.1
96,22,61.1
96,23,60.1
96,24,59.1
96,25,58.2
96,26,57.2
96,27,56.2
96,28,55.3
96,29,54.3
96,30,53.3
96,31,52.4
96,32,51.4
96,33,50.4
96,34,49.5
96,35,48.5
96,36,47.5
96,37,46.5
96,38,45.6
96,39,44.6
96,40,43.6
96,41,42.7
96,42,41.7
96,43,40.8
96,44,39.8
96,45,38.9
96,46,37.9
96,47,37
96,48,36.1
96,49,35.1
96,50,34.2
96,51,33.3
96,52,32.4
96,53,31.5
96,54,30.6
96,55,29.7
96,56,28.8
96,57,27.9
96,58,27
96,59,26.2
96,60,25.3
96,61,24.5
96,62,23.6
96,63,22.8
96,64,21.9
96,65,21.1
96,66,20.3
96,67,19.5
96,68,18.8
96,69,18
96,70,17.2
96,71,16.5
96,72,15.8
96,73,15.1
96,74,14.4
96,75,13.8
96,76,13.1
96,77,12.5
96,78,11.9
96,79,11.3
96,80,10.8
96,81,10.3
96,82,9.8
96,83,9.3
96,84,8.9
96,85,8.5
96,86,8.1
96,87,7.7
96,88,7.4
96,89,7.1
96,90,6.8
96,91,6.5
96,92,6.3
96,93,6.1
96,94,5.9
96,95,5.7
96,96,5.5
96,97,5.3
96,98,5.2
96,99,5
96,100,
96,101,
96,102,
96,103,
96,104,
96,105,
96,106,
96,107,
96,108,
96,109,
96,110,
96,111,
96,112,
96,113,
96,114,
96,115,
97,20,63
97,21,62.1
97,22,61.1
97,23,60.1
97,24,59.1
97,25,58.2
97,26,57.2
97,27,56.2
97,28,55.3
97,29,54.3
97,30,53.3
97,31,52.4
97,32,51.4
97,33,50.4
97,34,49.5
97,35,48.5
97,36,47.5
97,37,46.5
97,38,45.6
97,39,44.6
97,40,43.6
97,41,42.7
97,42,41.7
97,43,40.8
97,44,39.8
97,45,38.9
97,46,37.9
97,47,37
97,48,36.1
97,49,35.1
97,50,34.2
97,51,33.3
97,52,32.4
97,53,31.5
97,54,30.6
97,55,29.7
97,56,28.8
97,57,27.9
97,58,27
97,59,26.2
97,60,25.3
97,61,24.5
97,62,23.6
97,63,22.8
97,64,21.9
97,65,21.1
97,66,20.3
97,67,19.5
97,68,18.7
97,69,18
97,70,17.2
97,71,16.5
97,72,15.8
97,73,15.1
97,74,14.4
97,75,13.7
97,76,13.1
97,77,12.5
97,78,11.9
97,79,11.3
97,80,10.7
97,81,10.2
97,82,9.7
97,83,9.2
97,84,8.8
97,85,8.4
97,86,8
97,87,7.6
97,88,7.3
97,89,6.9
97,90,6.6
97,91,6.4
97,92,6.1
97,93,5.9
97,94,5.7
97,95,5.5
97,96,5.3
97,97,5.2
97,98,5
97,99,4.9
97,100,
97,101,
97,102,
97,103,
97,104,
97,105,
97,106,
97,107,
97,108,
97,109,
97,110,
97,111,
97,112,
97,113,
97,114,
97,115,
98,20,63
98,21,62.1
98,22,61.1
98,23,60.1
98,24,59.1
98,25,58.2
98,26,57.2
98,27,56.2
98,28,55.3
98,29,54.3
98,30,53.3
98,31,52.4
98,32,51.4
98,33,50.4
98,34,49.5
98,35,48.5
98,36,47.5
98,37,46.5
98,38,45.6
98,39,44.6
98,40,43.6
98,41,42.7
98,42,41.7
98,43,40.8
98,44,39.8
98,45,38.9
98,46,37.9
98,47,37
98,48,36
98,49,35.1
98,50,34.2
98,51,33.3
98,52,32.4
98,53,31.5
98,54,30.6
98,55,29.7
98,56,28.8
98,57,27.9
98,58,27
98,59,26.2
98,60,25.3
98,61,24.4
98,62,23.6
98,63,22.8
98,64,21.9
98,65,21.1
98,66,20.3
98,67,19.5
98,68,18.7
98,69,17.9
98,70,17.2
98,71,16.4
98,72,15.7
98,73,15
98,74,14.3
98,75,13.7
98,76,13
98,77,12.4
98,78,11.8
98,79,11.2
98,80,10.7
98,81,10.1
98,82,9.6
98,83,9.2
98,84,8.7
98,85,8.3
98,86,7.9
98,87,7.5
98,88,7.1
98,89,6.8
98,90,6.5
98,91,6.3
98,92,6
98,93,5.8
98,94,5.6
98,95,5.4
98,96,5.2
98,97,5
98,98,4.8
98,99,4.7
98,100,
98,101,
98,102,
98,103,
98,104,
98,105,
98,106,
98,107,
98,108,
98,109,
98,110,
98,111,
98,112,
98,113,
98,114,
98,115,
99,20,63
99,21,62.1
99,22,61.1
99,23,60.1
99,24,59.1
99,25,58.2
99,26,57.2
99,27,56.2
99,28,55.3
99,29,54.3
99,30,53.3
99,31,52.4
99,32,51.4
99,33,50.4
99,34,49.5
99,35,48.5
99,36,47.5
99,37,46.5
99,38,45.6
99,39,44.6
99,40,43.6
99,41,42.7
99,42,41.7
99,43,40.8
99,44,39.8
99,45,38.9
99,46,37.9
99,47,37
99,48,36
99,49,35.1
99,50,34.2
99,51,33.3
99,52,32.4
99,53,31.5
99,54,30.6
99,55,29.7
99,56,28.8
99,57,27.9
99,58,27
99,59,26.2
99,60,25.3
99,61,24.4
99,62,23.6
99,63,22.7
99,64,21.9
99,65,21.1
99,66,20.3
99,67,19.5
99,68,18.7
99,69,17.9
99,70,17.2
99,71,16.4
99,72,15.7
99,73,15
99,74,14.3
99,75,13.6
99,76,13
99,77,12.4
99,78,11.8
99,79,11.2
99,80,10.6
99,81,10.1
99,82,9.6
99,83,9.1
99,84,8.6
99,85,8.2
99,86,7.8
99,87,7.4
99,88,7
99,89,6.7
99,90,6.4
99,91,6.1
99,92,5.9
99,93,5.6
99,94,5.4
99,95,5.2
99,96,5
99,97,4.9
99,98,4.7
99,99,4.5
99,100,
99,101,
99,102,
99,103,
99,104,
99,105,
99,106,
99,107,
99,108,
99,109,
99,110,
99,111,
99,112,
99,113,
99,114,
99,115,
100,20,63
100,21,62.1
100,22,61.1
100,23,60.1
100,24,59.1
100,25,58.2
100,26,57.2
100,27,56.2
100,28,55.3
100,29,54.3
100,30,53.3
100,31,52.4
100,32,51.4
100,33,50.4
100,34,49.5
100,35,48.5
100,36,47.5
100,37,46.5
100,38,45.6
100,39,44.6
100,40,43.6
100,41,42.7
100,42,41.7
100,43,40.8
100,44,39.8
100,45,38.9
100,46,37.9
100,47,37
100,48,36
100,49,35.1
100,50,34.2
100,51,33.3
100,52,32.4
100,53,31.5
100,54,30.6
100,55,29.7
100,56,28.8
100,57,27.9
100,58,27
100,59,26.1
100,60,25.3
100,61,24.4
100,62,23.6
100,63,22.7
100,64,21.9
100,65,21.1
100,66,20.3
100,67,19.5
100,68,18.7
100,69,17.9
100,70,17.1
100,71,16.4
100,72,15.7
100,73,15
100,74,14.3
100,75,13.6
100,76,12.9
100,77,12.3
100,78,11.7
100,79,11.1
100,80,10.6
100,81,10
100,82,9.5
100,83,9
100,84,8.5
100,85,8.1
100,86,7.7
100,87,7.3
100,88,6.9
100,89,6.6
100,90,6.3
100,91,6
100,92,5.8
100,93,5.5
100,94,5.3
100,95,5.1
100,96,4.9
100,97,4.7
100,98,4.5
100,99,4.4
100,100,4.2
100,101,4.1
100,102,3.9
100,103,3.8
100,104,3.7
100,105,3.5
100,106,3.4
100,107,3.3
100,108,3.3
100,109,3.2
100,110,
100,111,
100,112,
100,113,
100,114,
100,115,
101,20,63
101,21,62.1
101,22,61.1
101,23,60.1
101,24,59.1
101,25,58.2
101,26,57.2
101,27,56.2
101,28,55.3
101,29,54.3
101,30,53.3
101,31,52.4
101,32,51.4
101,33,50.4
101,34,49.5
101,35,48.5
101,36,47.5
101,37,46.5
101,38,45.6
101,39,44.6
101,40,43.6
101,41,42.7
101,42,41.7
101,43,40.8
101,44,39.8
101,45,38.9
101,46,37.9
101,47,37
101,48,36
101,49,35.1
101,50,34.2
101,51,33.3
101,52,32.4
101,53,31.5
101,54,30.6
101,55,29.7
101,56,28.8
101,57,27.9
101,58,27
101,59,26.1
101,60,25.3
101,61,24.4
101,62,23.6
101,63,22.7
101,64,21.9
101,65,21.1
101,66,20.2
101,67,19.4
101,68,18.7
101,69,17.9
101,70,17.1
101,71,16.4
101,72,15.6
101,73,14.9
101,74,14.2
101,75,13.6
101,76,12.9
101,77,12.3
101,78,11.7
101,79,11.1
101,80,10.5
101,81,10
101,82,9.4
101,83,9
101,84,8.5
101,85,8
101,86,7.6
101,87,7.2
101,88,6.9
101,89,6.5
101,90,6.2
101,91,5.9
101,92,5.6
101,93,5.4
101,94,5.2
101,95,5
101,96,4.8
101,97,4.6
101,98,4.4
101,99,4.2
101,100,4.1
101,101,3.9
101,102,3.7
101,103,3.6
101,104,3.5
101,105,3.4
101,106,3.2
101,107,3.1
101,108,3.1
101,109,3
101,110,
101,111,
101,112,
101,113,
101,114,
101,115,
102,20,63
102,21,62.1
102,22,61.1
102,23,60.1
102,24,59.1
102,25,58.2
102,26,57.2
102,27,56.2
102,28,55.3
102,29,54.3
102,30,53.3
102,31,52.4
102,32,51.4
102,33,50.4
102,34,49.5
102,35,48.5
102,36,47.5
102,37,46.5
102,38,45.6
102,39,44.6
102,40,43.6
102,41,42.7
102,42,41.7
102,43,40.8
102,44,39.8
102,45,38.9
102,46,37.9
102,47,37
102,48,36
102,49,35.1
102,50,34.2
102,51,33.3
102,52,32.4
102,53,31.4
102,54,30.5
102,55,29.7
102,56,28.8
102,57,27.9
102,58,27
102,59,26.1
102,60,25.3
102,61,24.4
102,62,23.6
102,63,22.7
102,64,21.9
102,65,21.1
102,66,20.2
102,67,19.4
102,68,18.6
102,69,17.9
102,70,17.1
102,71,16.4
102,72,15.6
102,73,14.9
102,74,14.2
102,75,13.5
102,76,12.9
102,77,12.2
102,78,11.6
102,79,11
102,80,10.5
102,81,9.9
102,82,9.4
102,83,8.9
102,84,8.4
102,85,8
102,86,7.5
102,87,7.1
102,88,6.8
102,89,6.4
102,90,6.1
102,91,5.8
102,92,5.5
102,93,5.3
102,94,5.1
102,95,4.8
102,96,4.6
102,97,4.4
102,98,4.3
102,99,4.1
102,100,3.9
102,101,3.7
102,102,3.6
102,103,3.4
102,104,3.3
102,105,3.2
102,106,3.1
102,107,3
102,108,2.9
102,109,2.8
102,110,
102,111,
102,112,
102,113,
102,114,
102,115,
103,20,63
103,21,62.1
103,22,61.1
103,23,60.1
103,24,59.1
103,25,58.2
103,26,57.2
103,27,56.2
103,28,55.3
103,29,54.3
103,30,53.3
103,31,52.4
103,32,51.4
103,33,50.4
103,34,49.5
103,35,48.5
103,36,47.5
103,37,46.5
103,38,45.6
103,39,44.6
103,40,43.6
103,41,42.7
103,42,41.7
103,43,40.8
103,44,39.8
103,45,38.9
103,46,37.9
103,47,37
103,48,36
103,49,35.1
103,50,34.2
103,51,33.3
103,52,32.4
103,53,31.4
103,54,30.5
103,55,29.7
103,56,28.8
103,57,27.9
103,58,27
103,59,26.1
103,60,25.3
103,61,24.4
103,62,23.6
103,63,22.7
103,64,21.9
103,65,21
103,66,20.2
103,67,19.4
103,68,18.6
103,69,17.9
103,70,17.1
103,71,16.3
103,72,15.6
103,73,14.9
103,74,14.2
103,75,13.5
103,76,12.9
103,77,12.2
103,78,11.6
103,79,11
103,80,10.4
103,81,9.9
103,82,9.4
103,83,8.8
103,84,8.4
103,85,7.9
103,86,7.5
103,87,7.1
103,88,6.7
103,89,6.3
103,90,6
103,91,5.7
103,92,5.4
103,93,5.2
103,94,5
103,95,4.7
103,96,4.5
103,97,4.3
103,98,4.1
103,99,4
103,100,3.8
103,101,3.6
103,102,3.4
103,103,3.3
103,104,3.2
103,105,3
103,106,2.9
103,107,2.8
103,108,2.7
103,109,2.6
103,110,
103,111,
103,112,
103,113,
103,114,
103,115,
104,20,63
104,21,62.1
104,22,61.1
104,23,60.1
104,24,59.1
104,25,58.2
104,26,57.2
104,27,56.2
104,28,55.3
104,29,54.3
104,30,53.3
104,31,52.4
104,32,51.4
104,33,50.4
104,34,49.5
104,35,48.5
104,36,47.5
104,37,46.5
104,38,45.6
104,39,44.6
104,40,43.6
104,41,42.7
104,42,41.7
104,43,40.8
104,44,39.8
104,45,38.8
104,46,37.9
104,47,37
104,48,36
104,49,35.1
104,50,34.2
104,51,33.3
104,52,32.4
104,53,31.4
104,54,30.5
104,55,29.6
104,56,28.8
104,57,27.9
104,58,27
104,59,26.1
104,60,25.3
104,61,24.4
104,62,23.5
104,63,22.7
104,64,21.9
104,65,21
104,66,20.2
104,67,19.4
104,68,18.6
104,69,17.8
104,70,17.1
104,71,16.3
104,72,15.6
104,73,14.9
104,74,14.2
104,75,13.5
104,76,12.8
104,77,12.2
104,78,11.6
104,79,11
104,80,10.4
104,81,9.8
104,82,9.3
104,83,8.8
104,84,8.3
104,85,7.9
104,86,7.4
104,87,7
104,88,6.6
104,89,6.3
104,90,5.9
104,91,5.6
104,92,5.4
104,93,5.1
104,94,4.9
104,95,4.6
104,96,4.4
104,97,4.2
104,98,4
104,99,3.8
104,100,3.7
104,101,3.5
104,102,3.3
104,103,3.2
104,104,3
104,105,2.9
104,106,2.7
104,107,2.6
104,108,2.5
104,109,2.4
104,110,
104,111,
104,112,
104,113,
104,114,
104,115,
105,20,63
105,21,62.1
105,22,61.1
105,23,60.1
105,24,59.1
105,25,58.2
105,26,57.2
105,27,56.2
105,28,55.3
105,29,54.3
105,30,53.3
105,31,52.4
105,32,51.4
105,33,50.4
105,34,49.4
105,35,48.5
105,36,47.5
105,37,46.5
105,38,45.6
105,39,44.6
105,40,43.6
105,41,42.7
105,42,41.7
105,43,40.8
105,44,39.8
105,45,38.8
105,46,37.9
105,47,37
105,48,36
105,49,35.1
105,50,34.2
105,51,33.3
105,52,32.3
105,53,31.4
105,54,30.5
105,55,29.6
105,56,28.8
105,57,27.9
105,58,27
105,59,26.1
105,60,25.3
105,61,24.4
105,62,23.5
105,63,22.7
105,64,21.9
105,65,21
105,66,20.2
105,67,19.4
105,68,18.6
105,69,17.8
105,70,17.1
105,71,16.3
105,72,15.6
105,73,14.9
105,74,14.2
105,75,13.5
105,76,12.8
105,77,12.2
105,78,11.5
105,79,10.9
105,80,10.4
105,81,9.8
105,82,9.3
105,83,8.8
105,84,8.3
105,85,7.8
105,86,7.4
105,87,7
105,88,6.6
105,89,6.2
105,90,5.9
105,91,5.6
105,92,5.3
105,93,5
105,94,4.8
105,95,4.5
105,96,4.3
105,97,4.1
105,98,3.9
105,99,3.7
105,100,3.5
105,101,3.4
105,102,3.2
105,103,3
105,104,2.9
105,105,2.7
105,106,2.6
105,107,2.5
105,108,2.4
105,109,2.3
105,110,
105,111,
105,112,
105,113,
105,114,
105,115,
106,20,63
106,21,62.1
106,22,61.1
106,23,60.1
106,24,59.1
106,25,58.2
106,26,57.2
106,27,56.2
106,28,55.3
106,29,54.3
106,30,53.3
106,31,52.4
106,32,51.4
106,33,50.4
106,34,49.4
106,35,48.5
106,36,47.5
106,37,46.5
106,38,45.6
106,39,44.6
106,40,43.6
106,41,42.7
106,42,41.7
106,43,40.8
106,44,39.8
106,45,38.8
106,46,37.9
106,47,37
106,48,36
106,49,35.1
106,50,34.2
106,51,33.3
106,52,32.3
106,53,31.4
106,54,30.5
106,55,29.6
106,56,28.8
106,57,27.9
106,58,27
106,59,26.1
106,60,25.3
106,61,24.4
106,62,23.5
106,63,22.7
106,64,21.9
106,65,21
106,66,20.2
106,67,19.4
106,68,18.6
106,69,17.8
106,70,17.1
106,71,16.3
106,72,15.6
106,73,14.8
106,74,14.1
106,75,13.5
106,76,12.8
106,77,12.2
106,78,11.5
106,79,10.9
106,80,10.3
106,81,9.8
106,82,9.2
106,83,8.7
106,84,8.2
106,85,7.8
106,86,7.3
106,87,6.9
106,88,6.5
106,89,6.2
106,90,5.8
106,91,5.5
106,92,5.2
106,93,4.9
106,94,4.7
106,95,4.5
106,96,4.2
106,97,4
106,98,3.8
106,99,3.6
106,100,3.4
106,101,3.2
106,102,3.1
106,103,2.9
106,104,2.7
106,105,2.6
106,106,2.4
106,107,2.3
106,108,2.2
106,109,2.1
106,110,
106,111,
106,112,
106,113,
106,114,
106,115,
107,20,63
107,21,62.1
107,22,61.1
107,23,60.1
107,24,59.1
107,25,58.2
107,26,57.2
107,27,56.2
107,28,55.3
107,29,54.3
107,30,53.3
107,31,52.4
107,32,51.4
107,33,50.4
107,34,49.4
107,35,48.5
107,36,47.5
107,37,46.5
107,38,45.6
107,39,44.6
107,40,43.6
107,41,42.7
107,42,41.7
107,43,40.8
107,44,39.8
107,45,38.8
107,46,37.9
107,47,37
107,48,36
107,49,35.1
107,50,34.2
107,51,33.3
107,52,32.3
107,53,31.4
107,54,30.5
107,55,29.6
107,56,28.8
107,57,27.9
107,58,27
107,59,26.1
107,60,25.2
107,61,24.4
107,62,23.5
107,63,22.7
107,64,21.8
107,65,21
107,66,20.2
107,67,19.4
107,68,18.6
107,69,17.8
107,70,17
107,71,16.3
107,72,15.6
107,73,14.8
107,74,14.1
107,75,13.4
107,76,12.8
107,77,12.1
107,78,11.5
107,79,10.9
107,80,10.3
107,81,9.8
107,82,9.2
107,83,8.7
107,84,8.2
107,85,7.7
107,86,7.3
107,87,6.9
107,88,6.5
107,89,6.1
107,90,5.8
107,91,5.4
107,92,5.1
107,93,4.9
107,94,4.6
107,95,4.4
107,96,4.2
107,97,3.9
107,98,3.7
107,99,3.5
107,100,3.3
107,101,3.1
107,102,3
107,103,2.8
107,104,2.6
107,105,2.5
107,106,2.3
107,107,2.2
107,108,2.1
107,109,2
107,110,
107,111,
107,112,
107,113,
107,114,
107,115,
108,20,63
108,21,62.1
108,22,61.1
108,23,60.1
108,24,59.1
108,25,58.2
108,26,57.2
108,27,56.2
108,28,55.3
108,29,54.3
108,30,53.3
108,31,52.4
108,32,51.4
108,33,50.4
108,34,49.4
108,35,48.5
108,36,47.5
108,37,46.5
108,38,45.6
108,39,44.6
108,40,43.6
108,41,42.7
108,42,41.7
108,43,40.8
108,44,39.8
108,45,38.8
108,46,37.9
108,47,37
108,48,36
108,49,35.1
108,50,34.2
108,51,33.3
108,52,32.3
108,53,31.4
108,54,30.5
108,55,29.6
108,56,28.8
108,57,27.9
108,58,27
108,59,26.1
108,60,25.2
108,61,24.4
108,62,23.5
108,63,22.7
108,64,21.8
108,65,21
108,66,20.2
108,67,19.4
108,68,18.6
108,69,17.8
108,70,17
108,71,16.3
108,72,15.5
108,73,14.8
108,74,14.1
108,75,13.4
108,76,12.8
108,77,12.1
108,78,11.5
108,79,10.9
108,80,10.3
108,81,9.7
108,82,9.2
108,83,8.7
108,84,8.2
108,85,7.7
108,86,7.3
108,87,6.8
108,88,6.4
108,89,6.1
108,90,5.7
108,91,5.4
108,92,5.1
108,93,4.8
108,94,4.6
108,95,4.3
108,96,4.1
108,97,3.9
108,98,3.7
108,99,3.5
108,100,3.3
108,101,3.1
108,102,2.9
108,103,2.7
108,104,2.5
108,105,2.4
108,106,2.2
108,107,2.1
108,108,1.9
108,109,1.8
108,110,
108,111,
108,112,
108,113,
108,114,
108,115,
109,20,63
109,21,62.1
109,22,61.1
109,23,60.1
109,24,59.1
109,25,58.2
109,26,57.2
109,27,56.2
109,28,55.3
109,29,54.3
109,30,53.3
109,31,52.4
109,32,51.4
109,33,50.4
109,34,49.4
109,35,48.5
109,36,47.5
109,37,46.5
109,38,45.6
109,39,44.6
109,40,43.6
109,41,42.7
109,42,41.7
109,43,40.7
109,44,39.8
109,45,38.8
109,46,37.9
109,47,37
109,48,36
109,49,35.1
109,50,34.2
109,51,33.3
109,52,32.3
109,53,31.4
109,54,30.5
109,55,29.6
109,56,28.7
109,57,27.9
109,58,27
109,59,26.1
109,60,25.2
109,61,24.4
109,62,23.5
109,63,22.7
109,64,21.8
109,65,21
109,66,20.2
109,67,19.4
109,68,18.6
109,69,17.8
109,70,17
109,71,16.3
109,72,15.5
109,73,14.8
109,74,14.1
109,75,13.4
109,76,12.8
109,77,12.1
109,78,11.5
109,79,10.9
109,80,10.3
109,81,9.7
109,82,9.2
109,83,8.7
109,84,8.2
109,85,7.7
109,86,7.2
109,87,6.8
109,88,6.4
109,89,6
109,90,5.7
109,91,5.3
109,92,5
109,93,4.8
109,94,4.5
109,95,4.3
109,96,4
109,97,3.8
109,98,3.6
109,99,3.4
109,100,3.2
109,101,3
109,102,2.8
109,103,2.6
109,104,2.4
109,105,2.3
109,106,2.1
109,107,2
109,108,1.8
109,109,1.7
109,110,
109,111,
109,112,
109,113,
109,114,
109,115,
110,20,63
110,21,62.1
110,22,61.1
110,23,60.1
110,24,59.1
110,25,58.2
110,26,57.2
110,27,56.2
110,28,55.3
110,29,54.3
110,30,53.3
110,31,52.4
110,32,51.4
110,33,50.4
110,34,49.4
110,35,48.5
110,36,47.5
110,37,46.5
110,38,45.6
110,39,44.6
110,40,43.6
110,41,42.7
110,42,41.7
110,43,40.7
110,44,39.8
110,45,38.8
110,46,37.9
110,47,37
110,48,36
110,49,35.1
110,50,34.2
110,51,33.3
110,52,32.3
110,53,31.4
110,54,30.5
110,55,29.6
110,56,28.7
110,57,27.9
110,58,27
110,59,26.1
110,60,25.2
110,61,24.4
110,62,23.5
110,63,22.7
110,64,21.8
110,65,21
110,66,20.2
110,67,19.4
110,68,18.6
110,69,17.8
110,70,17
110,71,16.3
110,72,15.5
110,73,14.8
110,74,14.1
110,75,13.4
110,76,12.7
110,77,12.1
110,78,11.5
110,79,10.9
110,80,10.3
110,81,9.7
110,82,9.2
110,83,8.6
110,84,8.1
110,85,7.7
110,86,7.2
110,87,6.8
110,88,6.4
110,89,6
110,90,5.6
110,91,5.3
110,92,5
110,93,4.7
110,94,4.5
110,95,4.2
110,96,4
110,97,3.8
110,98,3.5
110,99,3.3
110,100,3.1
110,101,2.9
110,102,2.7
110,103,2.5
110,104,2.3
110,105,2.2
110,106,2
110,107,1.9
110,108,1.7
110,109,1.6
110,110,1.5
110,111,1.4
110,112,1.3
110,113,1.2
110,114,1.1
110,115,1.1
111,20,63
111,21,62.1
111,22,61.1
111,23,60.1
111,24,59.1
111,25,58.2
111,26,57.2
111,27,56.2
111,28,55.3
111,29,54.3
111,30,53.3
111,31,52.4
111,32,51.4
111,33,50.4
111,34,49.4
111,35,48.5
111,36,47.5
111,37,46.5
111,38,45.6
111,39,44.6
111,40,43.6
111,41,42.7
111,42,41.7
111,43,40.7
111,44,39.8
111,45,38.8
111,46,37.9
111,47,37
111,48,36
111,49,35.1
111,50,34.2
111,51,33.3
111,52,32.3
111,53,31.4
111,54,30.5
111,55,29.6
111,56,28.7
111,57,27.9
111,58,27
111,59,26.1
111,60,25.2
111,61,24.4
111,62,23.5
111,63,22.7
111,64,21.8
111,65,21
111,66,20.2
111,67,19.4
111,68,18.6
111,69,17.8
111,70,17
111,71,16.3
111,72,15.5
111,73,14.8
111,74,14.1
111,75,13.4
111,76,12.7
111,77,12.1
111,78,11.5
111,79,10.8
111,80,10.3
111,81,9.7
111,82,9.1
111,83,8.6
111,84,8.1
111,85,7.6
111,86,7.2
111,87,6.8
111,88,6.3
111,89,6
111,90,5.6
111,91,5.3
111,92,5
111,93,4.7
111,94,4.4
111,95,4.2
111,96,3.9
111,97,3.7
111,98,3.5
111,99,3.3
111,100,3.1
111,101,2.9
111,102,2.7
111,103,2.5
111,104,2.3
111,105,2.1
111,106,1.9
111,107,1.8
111,108,1.6
111,109,1.5
111,110,1.4
111,111,1.2
111,112,1.1
111,113,1.1
111,114,1
111,115,1
112,20,63
112,21,62.1
112,22,61.1
112,23,60.1
112,24,59.1
112,25,58.2
112,26,57.2
112,27,56.2
112,28,55.3
112,29,54.3
112,30,53.3
112,31,52.4
112,32,51.4
112,33,50.4
112,34,49.4
112,35,48.5
112,36,47.5
112,37,46.5
112,38,45.6
112,39,44.6
112,40,43.6
112,41,42.7
112,42,41.7
112,43,40.7
112,44,39.8
112,45,38.8
112,46,37.9
112,47,37
112,48,36
112,49,35.1
112,50,34.2
112,51,33.3
112,52,32.3
112,53,31.4
112,54,30.5
112,55,29.6
112,56,28.7
112,57,27.9
112,58,27
112,59,26.1
112,60,25.2
112,61,24.4
112,62,23.5
112,63,22.7
112,64,21.8
112,65,21
112,66,20.2
112,67,19.4
112,68,18.6
112,69,17.8
112,70,17
112,71,16.3
112,72,15.5
112,73,14.8
112,74,14.1
112,75,13.4
112,76,12.7
112,77,12.1
112,78,11.5
112,79,10.8
112,80,10.2
112,81,9.7
112,82,9.1
112,83,8.6
112,84,8.1
112,85,7.6
112,86,7.2
112,87,6.7
112,88,6.3
112,89,5.9
112,90,5.6
112,91,5.3
112,92,4.9
112,93,4.7
112,94,4.4
112,95,4.1
112,96,3.9
112,97,3.7
112,98,3.5
112,99,3.2
112,100,3
112,101,2.8
112,102,2.6
112,103,2.4
112,104,2.2
112,105,2
112,106,1.9
112,107,1.7
112,108,1.5
112,109,1.4
112,110,1.3
112,111,1.1
112,112,1
112,113,1
112,114,1
112,115,1
113,20,63
113,21,62.1
113,22,61.1
113,23,60.1
113,24,59.1
113,25,58.2
113,26,57.2
113,27,56.2
113,28,55.3
113,29,54.3
113,30,53.3
113,31,52.4
113,32,51.4
113,33,50.4
113,34,49.4
113,35,48.5
113,36,47.5
113,37,46.5
113,38,45.6
113,39,44.6
113,40,43.6
113,41,42.7
113,42,41.7
113,43,40.7
113,44,39.8
113,45,38.8
113,46,37.9
113,47,37
113,48,36
113,49,35.1
113,50,34.2
113,51,33.3
113,52,32.3
113,53,31.4
113,54,30.5
113,55,29.6
113,56,28.7
113,57,27.9
113,58,27
113,59,26.1
113,60,25.2
113,61,24.4
113,62,23.5
113,63,22.7
113,64,21.8
113,65,21
113,66,20.2
113,67,19.4
113,68,18.6
113,69,17.8
113,70,17
113,71,16.3
113,72,15.5
113,73,14.8
113,74,14.1
113,75,13.4
113,76,12.7
113,77,12.1
113,78,11.4
113,79,10.8
113,80,10.2
113,81,9.7
113,82,9.1
113,83,8.6
113,84,8.1
113,85,7.6
113,86,7.2
113,87,6.7
113,88,6.3
113,89,5.9
113,90,5.6
113,91,5.2
113,92,4.9
113,93,4.6
113,94,4.4
113,95,4.1
113,96,3.9
113,97,3.6
113,98,3.4
113,99,3.2
113,100,3
113,101,2.8
113,102,2.6
113,103,2.4
113,104,2.2
113,105,2
113,106,1.8
113,107,1.6
113,108,1.5
113,109,1.3
113,110,1.2
113,111,1.1
113,112,1
113,113,1
113,114,1
113,115,1
114,20,63
114,21,62.1
114,22,61.1
114,23,60.1
114,24,59.1
114,25,58.2
114,26,57.2
114,27,56.2
114,28,55.3
114,29,54.3
114,30,53.3
114,31,52.4
114,32,51.4
114,33,50.4
114,34,49.4
114,35,48.5
114,36,47.5
114,37,46.5
114,38,45.6
114,39,44.6
114,40,43.6
114,41,42.7
114,42,41.7
114,43,40.7
114,44,39.8
114,45,38.8
114,46,37.9
114,47,37
114,48,36
114,49,35.1
114,50,34.2
114,51,33.3
114,52,32.3
114,53,31.4
114,54,30.5
114,55,29.6
114,56,28.7
114,57,27.9
114,58,27
114,59,26.1
114,60,25.2
114,61,24.4
114,62,23.5
114,63,22.7
114,64,21.8
114,65,21
114,66,20.2
114,67,19.4
114,68,18.6
114,69,17.8
114,70,17
114,71,16.3
114,72,15.5
114,73,14.8
114,74,14.1
114,75,13.4
114,76,12.7
114,77,12.1
114,78,11.4
114,79,10.8
114,80,10.2
114,81,9.7
114,82,9.1
114,83,8.6
114,84,8.1
114,85,7.6
114,86,7.1
114,87,6.7
114,88,6.3
114,89,5.9
114,90,5.6
114,91,5.2
114,92,4.9
114,93,4.6
114,94,4.3
114,95,4.1
114,96,3.9
114,97,3.6
114,98,3.4
114,99,3.2
114,100,3
114,101,2.7
114,102,2.5
114,103,2.3
114,104,2.1
114,105,1.9
114,106,1.8
114,107,1.6
114,108,1.4
114,109,1.3
114,110,1.1
114,111,1
114,112,1
114,113,1
114,114,1
114,115,1
115,20,63
115,21,62.1
115,22,61.1
115,23,60.1
115,24,59.1
115,25,58.2
115,26,57.2
115,27,56.2
115,28,55.3
115,29,54.3
115,30,53.3
115,31,52.4
115,32,51.4
115,33,50.4
115,34,49.4
115,35,48.5
115,36,47.5
115,37,46.5
115,38,45.6
115,39,44.6
115,40,43.6
115,41,42.7
115,42,41.7
115,43,40.7
115,44,39.8
115,45,38.8
115,46,37.9
115,47,37
115,48,36
115,49,35.1
115,50,34.2
115,51,33.3
115,52,32.3
115,53,31.4
115,54,30.5
115,55,29.6
115,56,28.7
115,57,27.9
115,58,27
115,59,26.1
115,60,25.2
115,61,24.4
115,62,23.5
115,63,22.7
115,64,21.8
115,65,21
115,66,20.2
115,67,19.4
115,68,18.6
115,69,17.8
115,70,17
115,71,16.3
115,72,15.5
115,73,14.8
115,74,14.1
115,75,13.4
115,76,12.7
115,77,12.1
115,78,11.4
115,79,10.8
115,80,10.2
115,81,9.7
115,82,9.1
115,83,8.6
115,84,8.1
115,85,7.6
115,86,7.1
115,87,6.7
115,88,6.3
115,89,5.9
115,90,5.5
115,91,5.2
115,92,4.9
115,93,4.6
115,94,4.3
115,95,4.1
115,96,3.8
115,97,3.6
115,98,3.4
115,99,3.1
115,100,2.9
115,101,2.7
115,102,2.5
115,103,2.3
115,104,2.1
115,105,1.9
115,106,1.7
115,107,1.5
115,108,1.4
115,109,1.2
115,110,1.1
115,111,1
115,112,1
115,113,1
115,114,1
115,115,1
